strategy,condition_id,end_date,side,entry_price,stake,outcome_yes_won,pnl,sector,edge,kelly_frac,quarter
E4,0x9b49db9417c3275700691123dae474dd4183f02ae2bd5e1fd088a883e0d12ac3,2026-01-15T14:00:00+00:00,YES,0.915,22.459352037903408,1,2.086387894231463,Banks,0.07245862591908547,0.8524544225774765,2026Q1
E4,0x2e111af3005c5a70e34f1b2ac6fca2b11e1cce65ed45cff0f6a1ddb2b5ce12c7,2026-01-20T14:00:00+00:00,YES,0.765,22.40985780550728,1,6.8840739663976604,Other,0.05291284446457578,0.22516104027479056,2026Q1
E4,0xcbd25e65cb375e73dd3efac5fb8217207b2fa02c74c1dacc55ad0f37d073773a,2026-01-20T22:00:00+00:00,YES,0.775,22.459352037903408,1,6.520457043262279,Other,0.05924424036606024,0.26330773496026777,2026Q1
E4,0xa9794d2a4b066f143edaa6728bd2946e54e8c2fedb56244ab6a3d52cbac5dec2,2026-01-20T22:00:00+00:00,YES,0.785,22.459352037903408,1,6.1512875008270465,Other,0.05601434965876506,0.2605318588779771,2026Q1
E4,0x849ccba97e929ad084891b4ac7e0398e776b541e28536131d5110e8b819b0553,2026-01-21T14:00:00+00:00,YES,0.705,22.459352037903408,1,9.397884895292917,Other,0.07531847847721329,0.25531687619394333,2026Q1
E4,0x4791b5f8da5935820a4866148e91282c23be1e32e8d7ee30301f209b0f21ee90,2026-01-21T14:00:00+00:00,YES,0.725,22.459352037903408,0,-22.459352037903408,Pharma,0.20900716522991347,0.7600260553815035,2026Q1
E4,0x4a9d4a88a2f6d4c053c74fdab025e42f737d5153fb4207e736ccab6d87cfd3c0,2026-01-21T14:00:00+00:00,YES,0.71,22.459352037903408,1,9.173538156326746,Other,0.07991174583690863,0.27555774426520213,2026Q1
E4,0x83df0d286e0b0840b83c69ecee02188df3bf018dc8e82d80ffb739da1f8b6fb5,2026-01-21T14:00:00+00:00,YES,0.72,22.459352037903408,1,8.73419245918466,Other,0.07805424703146535,0.2787651679695191,2026Q1
E4,0xaa961d07661553768261adcaaf680a40d5da6e5bd3b4a6b060415d6999154b6d,2026-01-22T14:00:00+00:00,YES,0.855,22.459352037903408,1,3.8088959596444383,Staples,0.14276383117661295,0.9845781460456065,2026Q1
E4,0x1f5c8acbf361f92bba1529aa3d314446985a8dc8698ef2940c4322bdef9f68ac,2026-01-22T14:00:00+00:00,YES,0.68,22.459352037903408,0,-22.459352037903408,Other,0.08405511956870226,0.26267224865219463,2026Q1
E4,0x1859bedc7a7c34cdd13a7c864177423ed1732841eb486dc59ceb05177ef4cb1a,2026-01-22T22:00:00+00:00,YES,0.7,22.459352037903408,0,-22.459352037903408,Other,0.07602169890974464,0.2534056630324821,2026Q1
E4,0x48202130ab23b7f637370d66310f633c07d081e2200ea6ee4529ac7ae7e0c60b,2026-01-23T14:00:00+00:00,YES,0.715,22.459352037903408,1,8.95232913398947,Other,0.06835551269882423,0.23984390420640078,2026Q1
E4,0xbc2c0328e62b2577e2946404db39250331f18036f866c17a80e03fc83bbfcb73,2026-01-27T14:00:00+00:00,YES,0.72,22.459352037903408,1,8.73419245918466,Other,0.0675501177928336,0.2412504206886914,2026Q1
E4,0xb7f0223ccfd8e47957bffb618ac17fa4a46a1adaffe732a82719dbd11cb44897,2026-01-28T22:00:00+00:00,YES,0.845,22.459352037903408,1,4.119762799852105,TechServices,0.11077076200866875,0.7146500774752822,2026Q1
E4,0x6c6a1951fc8f841356ef67415f6e79155f74d0e7d50c1ab2ad7ce149b0279c09,2026-01-28T22:00:00+00:00,NO,0.3,22.459352037903408,1,-22.459352037903408,AutoEV,-0.29997264867737117,0.9999088289245706,2026Q1
E4,0xc98c3127f8bf77e6e54244693e13ea4299b886ba70ef180d7a720f0cbdfc5a2f,2026-02-02T14:00:00+00:00,YES,0.73,22.459352037903408,0,-22.459352037903408,Other,0.06576048363780307,0.243557346806678,2026Q1
E4,0xce81dca21240b68c9ec667cb9bd6e12f17387d75b85397233afe278646019569,2026-02-02T22:00:00+00:00,YES,0.75,22.459352037903408,1,7.486450679301136,Other,0.05652622314057976,0.22610489256231903,2026Q1
E4,0x71b7effd28a9683d303f2c5c8e7cf45a3afd9a56c73e9f372ec7e613640679db,2026-02-03T14:00:00+00:00,YES,0.83,22.459352037903408,1,4.600108248727206,Staples,0.16746820745330193,0.9851071026664817,2026Q1
E4,0xa258b355d8a309dba6747b6a39d201b4eb2281221274e36f4c5ac50c48a7b59b,2026-02-04T14:00:00+00:00,YES,0.665,7.1752064219298495,0,-7.1752064219298495,Other,0.07315657295562461,0.21837782971828243,2026Q1
E4,0xb63c13fdf411dfed81010c3de36554e5f9691798bb57fce7654645851f16ceb8,2026-02-04T14:00:00+00:00,NO,0.725,22.459352037903408,1,-22.459352037903408,Pharma,-0.137981643405078,0.1903195081449352,2026Q1
E4,0x8b38177ed15bfc1dcb2b2413e0ed848966a5fa36fe98e32baae80c63762fa808,2026-02-05T14:00:00+00:00,YES,0.71,22.459352037903408,1,9.173538156326746,Other,0.06910131896685556,0.2382804102305364,2026Q1
E4,0xe817693c921990583f6f210b0749176dd11ac983f85778dc3fd21b0a2e3e0323,2026-02-05T14:00:00+00:00,YES,0.755,22.459352037903408,0,-22.459352037903408,Other,0.06024599723110513,0.24590202951471482,2026Q1
E4,0x4d17e3841ff9fa0626f39d9658a57356f914abfe476e5b4faa9a48051925dde1,2026-02-06T14:00:00+00:00,YES,0.665,22.459352037903408,1,11.314109673229535,Other,0.07929014658241296,0.23668700472362078,2026Q1
E4,0xe6a0c2bc37267591c05f1c7e7a263b7f7de88ad10bda5eb5f368d449b9baaa63,2026-02-09T14:00:00+00:00,YES,0.665,7.175206421929862,1,3.6145776711977495,Other,0.07315657295562461,0.21837782971828243,2026Q1
E4,0x77295a8a29d8fbe225d1a36dfad9118047d0329abf69987973d229b3f898b23e,2026-02-09T22:00:00+00:00,YES,0.77,22.459352037903408,1,6.708637621711407,Other,0.06077346166023889,0.2642324420010387,2026Q1
E4,0xa195a680b8affd882cbf10ebd4e35d1352a86c1014eae90190625fe58aaed206,2026-02-10T14:00:00+00:00,YES,0.795,22.459352037903408,1,5.791405242478236,Other,0.052558469463875546,0.2563827778725637,2026Q1
E4,0xf19fc084ead0992fa9515c141e4698455f30df248af96d9bd5c91151c7656896,2026-02-10T14:00:00+00:00,YES,0.705,22.459352037903408,0,-22.459352037903408,Other,0.07531847847721329,0.25531687619394333,2026Q1
E4,0xb127046c0d86a3d2e77bc03bab21686b87829d93457fbed8e9f49f79bdd1ae59,2026-02-10T14:00:00+00:00,YES,0.755,22.459352037903408,0,-22.459352037903408,Other,0.05538079803298246,0.22604407360401005,2026Q1
E4,0x3eccf9bde290cbb2b26364277776aea1fdb240b12e4c28427cf8bea0478a2429,2026-02-10T14:00:00+00:00,YES,0.895,22.459352037903408,1,2.6348960491395053,Staples,0.10316685668433356,0.9825414922317484,2026Q1
E4,0xafb23268a1782cd0eb4c5d43e400f78a39030c7cf708c060a258f2334b3f9d77,2026-02-10T22:00:00+00:00,YES,0.775,22.459352037903408,0,-22.459352037903408,AutoEV,0.12635718231429482,0.5615874769524215,2026Q1
E4,0x7d1474f2b4dd9b63a7555b80dacf07c7194cd43aaf358a353b0b087fe3f6bfcc,2026-02-11T14:00:00+00:00,YES,0.71,22.459352037903408,0,-22.459352037903408,Other,0.06910131896685556,0.2382804102305364,2026Q1
E4,0x9d4bea80fd14e4fa6a4c47b325428c6f9efe00fbba201213742b53231186c683,2026-02-11T14:00:00+00:00,YES,0.755,22.459352037903408,1,7.288134105015013,Other,0.05538079803298246,0.22604407360401005,2026Q1
E4,0x93424933a0a7e9f430ebebbc630ee1034a5ed5346cd6b803f6fbe368474cb766,2026-02-12T14:00:00+00:00,YES,0.7,22.459352037903408,1,9.62543658767289,Other,0.07041447359591624,0.23471491198638741,2026Q1
E4,0xf8ddcf99974af0b8bd2fc0a2defb60ed2105e82f183b897379f1431a58b65e28,2026-02-12T14:00:00+00:00,YES,0.765,22.459352037903408,1,6.899278077003007,Other,0.057627087350103134,0.24522164829831122,2026Q1
E4,0x53cbece70bb113aea1dc4b834e54d9747ffaaf4f16319f273d61b640e5bacf60,2026-02-12T22:00:00+00:00,YES,0.745,22.459352037903408,1,7.687429221027341,Other,0.06262958206063363,0.24560620415934756,2026Q1
E4,0xbdbe413591a2e4c725cd9bb310bc3d9c948e23591b3b03e5eb9efc482e4f1d34,2026-02-12T22:00:00+00:00,YES,0.695,22.459352037903408,0,-22.459352037903408,Other,0.0709820751522604,0.23272811525331277,2026Q1
E4,0x129079c6f09b11e0c6d57162f3d396251baec4a01d38a94ccf04506fda7b604b,2026-02-12T22:00:00+00:00,NO,0.6,22.459352037903408,1,-22.459352037903408,AutoEV,-0.17857960414413732,0.2976326735735622,2026Q1
E4,0x7200d6e5d29bb5b6e1b7a4eeac679b928d4f4c8392e8856eb33c475a87ca156c,2026-02-17T22:00:00+00:00,YES,0.71,8.872223711455876,1,3.62386602298902,Other,0.06354869315270628,0.2191334246645044,2026Q1
E4,0x7e16e9f7a0935b824ee25ff3220f94f2dfbdcade8986459ac007d7da2987bc14,2026-02-18T14:00:00+00:00,YES,0.69,22.459352037903408,1,10.090433524275447,Other,0.07149059639682653,0.23061482708653716,2026Q1
E4,0xe091e96fd31a4aed29e14f79fd6b88830f87e32909fe8dcf2dcb2e4f4157ded2,2026-02-18T14:00:00+00:00,YES,0.755,22.459352037903408,1,7.288134105015013,Other,0.06501409123075919,0.2653636376765681,2026Q1
E4,0x4a20448e4cb273e274fb12b15e75f15bc2bf84cede380b0ccc658e2e71c9d271,2026-02-18T22:00:00+00:00,YES,0.685,22.459352037903408,0,-22.459352037903408,Other,0.07777524568195737,0.24690554184748376,2026Q1
E4,0xd7ce4020b83d09f10b671bee2016d4f359054f62eac58289d0e74d97c4c8c324,2026-02-19T14:00:00+00:00,YES,0.89,22.459352037903408,1,2.775874970976825,Staples,0.10812074030733398,0.9829158209757636,2026Q1
E4,0x92ad9cce642cd896dc1743ec4f17817d1ff53614acf0c23b39d044213e9375a5,2026-02-23T14:00:00+00:00,NO,0.425,22.459352037903408,0,16.600390636711218,Consumer,-0.3868032899082142,0.9101253880193276,2026Q1
E4,0x50ee3dc6eb95a801236fa1efddc2d643d2fc5eda6effa401a4e97593e4e80b3f,2026-02-24T22:00:00+00:00,YES,0.735,22.459352037903408,1,8.097589510264493,Other,0.06984806106576535,0.2635775889274164,2026Q1
E4,0x348410b5dd28a7743ec0219a713a0e38392e088273a9aded08783ccca6400e56,2026-02-25T14:00:00+00:00,YES,0.645,22.106163332610414,0,-22.106163332610414,Other,0.07988416633749251,0.22502582066899302,2026Q1
E4,0x98f047e8dbd64ab7ec2b55570ca05ef74379bd99c2518e0f161bafa8385384e3,2026-02-25T22:00:00+00:00,YES,0.735,21.890204711917374,0,-21.890204711917374,Other,0.059606361317191325,0.22492966534789177,2026Q1
E4,0xa932cf6f7a99d2ab04e0833ae79fdc848f9fd417a81e86d8c1aedb3f9b41ee7f,2026-02-25T22:00:00+00:00,YES,0.875,12.068159995665765,1,1.7240228565236806,TechServices,0.08783312228042695,0.7026649782434156,2026Q1
E4,0x7efacba192fadccfa3f6c17c7362f3f89c08cb2e70e146d0618b59e49f1e4ab1,2026-02-26T22:00:00+00:00,YES,0.73,20.085193353431478,1,7.428770144419862,Other,0.06051401626586328,0.22412598616986398,2026Q1
E4,0x655d8a8ce7713d12c776f00b625e07cb747b979661b19a536ceb4af41ed9a6ad,2026-02-26T22:00:00+00:00,YES,0.74,22.459352037903408,1,7.89112368899309,Other,0.05863912531996052,0.2255350973844635,2026Q1
E4,0x054b10920231dbc3b41bf0d490d76e81d5509259a8d0c89f5321fbfe3eac075f,2026-02-26T22:00:00+00:00,YES,0.665,7.175206421929928,0,-7.175206421929928,Other,0.07315657295562461,0.21837782971828243,2026Q1
E4,0xc699d899015aa42b75decc2a93737017bc0ffba0628d5bec4a4ae991d0f94e35,2026-03-03T14:00:00+00:00,YES,0.87,22.459352037903408,1,3.3559951321005093,Staples,0.12792440249407488,0.9840338653390376,2026Q1
E4,0xde0863fe9101671982e00babd27f3864e4c5871f248f757fc2adbf05944560ec,2026-03-03T14:00:00+00:00,YES,0.74,22.459352037903408,1,7.89112368899309,Other,0.06373262547472369,0.24512548259509112,2026Q1
E4,0x23000173fcd3643360e22316e8335a5b15c6a8900428cc21599393e3bdf7e2d4,2026-03-03T22:00:00+00:00,YES,0.725,22.459352037903408,1,8.519064566101294,Other,0.06668510533534844,0.24249129212853976,2026Q1
E4,0xfb85c8990f64e5012be7434af44659c8bf6b11e08bd2c3aeb507e04365b4d08a,2026-03-03T22:00:00+00:00,YES,0.75,22.459352037903408,1,7.486450679301136,Other,0.06631095396316222,0.2652438158526489,2026Q1
E4,0xb353f06fdefb69d9a37bac9f450cc8f7caf369df53cb4c475783635f4c86a8a2,2026-03-04T14:00:00+00:00,YES,0.72,22.459352037903408,1,8.73419245918466,Other,0.07805424703146535,0.2787651679695191,2026Q1
E4,0x88390c7c6f012f91bb9a14708ef37b6e740817953447f0398dbb14fcf2eea370,2026-03-04T14:00:00+00:00,YES,0.645,22.459352037903408,1,12.361348796055363,Other,0.08621543250235919,0.24286037324608223,2026Q1
E4,0x1a9c4c83572563ad11afaff9c459444e351bef8723548afe655c3e2a9c78dd4e,2026-03-04T14:00:00+00:00,YES,0.81,22.459352037903408,0,-22.459352037903408,Other,0.050833841602184515,0.2675465347483396,2026Q1
E4,0x2b4e8012bf177228dcf4ebc18c6a51c4bc7c3423a00e54f5eb3952e352405ea4,2026-03-04T22:00:00+00:00,YES,0.695,22.459352037903408,1,9.856262405123081,Other,0.0709820751522604,0.23272811525331277,2026Q1
E4,0x0ccb7aa120d5076d1b0ed20c64271c9ba0740e1c69bb49627a921c17939fb42e,2026-03-05T22:00:00+00:00,YES,0.775,22.459352037903408,0,-22.459352037903408,Other,0.05477486806321663,0.2434438580587406,2026Q1
E4,0x31451d5ec63c74a64a33eedd3e23a4f357aaaf7942c3a7a94046e40c7f4952ff,2026-03-05T22:00:00+00:00,YES,0.865,22.459352037903408,1,3.5052167920427286,Staples,0.1328721997004333,0.9842385162995058,2026Q1
E4,0x25d6fa1f15039d717043a595712090f65c0cefabed3254adc285086a5f953a68,2026-03-10T21:00:00+00:00,YES,0.775,22.459352037903408,1,6.520457043262279,TechServices,0.1652862900838168,0.7346057337058525,2026Q1
E4,0x1204dc7352df96e2ebd536331c3c0d99c860442344b6cb952652e1f5ab2d1e0a,2026-03-10T22:00:00+00:00,YES,0.66,1.0221035115144455,0,-1.0221035115144455,Other,0.07331697708808083,0.2156381679061201,2026Q1
E4,0x02c5c9f9685ed5daec04c7fbfc3f145d15dcb2183f56b330b74eab29242adc4a,2026-03-12T13:00:00+00:00,YES,0.765,22.459352037903408,1,6.899278077003007,Other,0.057627087350103134,0.24522164829831122,2026Q1
E4,0x62be08129d7959cfac571cde7eee23d563d6fd854f04a9e6766bd80e898b835e,2026-03-12T13:00:00+00:00,YES,0.695,22.459352037903408,1,9.856262405123081,Other,0.0709820751522604,0.23272811525331277,2026Q1
E4,0xba32ef1ced81ce80a2fe32c674ff54562f99eae779ef62d99af3f73e0d316514,2026-03-12T13:00:00+00:00,YES,0.725,22.459352037903408,0,-22.459352037903408,Other,0.07190977835869616,0.26149010312253146,2026Q1
E4,0x1ab1e473d760aede872a7297790cf4b2694833ccdad6494bcada365568aafcf7,2026-03-12T21:00:00+00:00,YES,0.805,22.459352037903408,1,5.440464158249892,TechServices,0.14314099194613417,0.7340563689545344,2026Q1
E4,0x9d960358504ccc424ed5a26b3cd0b4003eef4f0376fe0e9f64e2708acd83b456,2026-03-17T13:00:00+00:00,YES,0.755,22.459352037903408,0,-22.459352037903408,Other,0.05538079803298246,0.22604407360401005,2026Q1
E4,0xf5f54f9fd01dd6904e50b1aac8727ca80b08e8fddd62d2e258caa34d9f461ec3,2026-03-18T13:00:00+00:00,YES,0.585,22.459352037903408,0,-22.459352037903408,Staples,0.4040630115085264,0.973645810863919,2026Q1
E4,0x75d3c8452ecabc2dc2bd0acb86bb6d8fd6aedfc8a404c270e784406f566f0783,2026-03-19T13:00:00+00:00,YES,0.9095,22.459352037903408,1,2.234822825101989,TechServices,0.06601557063930485,0.729453819218838,2026Q1
E4,0x680a9592b4f88d8590a831158ea912328c7fb68c727d8087c81911b07816b262,2026-03-25T13:00:00+00:00,YES,0.73,22.459352037903408,0,-22.459352037903408,Other,0.06576048363780307,0.243557346806678,2026Q1
E4,0x04e3aa08ff437518658725bf3674b3e5106a554521d705181e750416c6f437e7,2026-03-31T21:00:00+00:00,YES,0.745,22.459352037903408,1,7.687429221027341,Consumer,0.21415725467810365,0.839832371286681,2026Q1
E4,0xebb4e5764a2ccb47c9cef80f74e4aacf464f663987ad89522ccc13b89d433448,2026-04-13T13:00:00+00:00,YES,0.915,100.0,1,9.289617486338793,Banks,0.07096411499651312,0.8348719411354488,2026Q2
E4,0xfefef6b3b9197323deba34011b611fd6ab9357ea0c383d48cd640543df968a19,2026-04-14T13:00:00+00:00,NO,0.54,100.0,0,117.3913043478261,Staples,-0.5396622603228273,0.9993745561533838,2026Q2
E4,0x91a9c860963f2abfb7bbef38737c9afb9bb921f0222947dd83ecb00dc2614976,2026-04-14T13:00:00+00:00,NO,0.91,100.0,1,-100.0,Banks,-0.4864851743950777,0.5345990927418436,2026Q2
E4,0x483bc2bec1cf8d3e5137e892fcb3a4d791a93a3c86484aac24369d224b5db059,2026-04-14T13:00:00+00:00,NO,0.89,100.0,1,-100.0,Pharma,-0.35590630577410776,0.3998947255888851,2026Q2
E4,0xec1a6445382594b45968ff196c4a8b8226443b905d717aa7eb4cb57c00292156,2026-04-22T21:00:00+00:00,YES,0.905,100.0,1,10.497237569060768,TechServices,0.08800038121091192,0.9263198022201257,2026Q2
E4,0xa6e7592ba207b357c885eb110fd170ccc79dc82f80b366f7a903aff76d140d59,2026-04-22T21:00:00+00:00,NO,0.34,100.0,1,-100.0,AutoEV,-0.14565574654327362,0.42839925453904004,2026Q2
E4,0x8df67128e0f9188b2f6604dada0a377a05996ef3f3a2bcbf5e0470ec15e47014,2026-04-23T13:00:00+00:00,NO,0.285,100.0,0,39.860139860139846,Other,-0.06407801150321246,0.22483512808144726,2026Q2
E4,0x95d97e80133a2a45b14c4a3d4c5e002d8fafe7b1ec1d3265bffbbfd91a2267d1,2026-04-23T13:00:00+00:00,YES,0.66,100.0,1,51.515151515151516,Industrials,0.12130047391667809,0.35676609975493556,2026Q2
E4,0xda55a106e5faf1d26dea0886840f09ea09322c941086c7111dc053e5ca1d5f45,2026-04-27T13:00:00+00:00,NO,0.555,100.0,0,124.71910112359554,Consumer,-0.42954762132149826,0.7739596780567536,2026Q2
E4,0x6bb11750c92f17a71d1f63c752b7b00cc74787d8b3a47305b257fcf300e0096b,2026-04-28T21:00:00+00:00,NO,0.425,100.0,1,-100.0,Consumer,-0.19870271943085116,0.46753581042553216,2026Q2
E4,0x2264cc6e300d580b3cc122788dc96a705f4bc6cd1e064f9626ade11160e9a1fe,2026-04-29T13:00:00+00:00,YES,0.77,100.0,1,29.87012987012987,Industrials,0.09570044672684797,0.4160888988123825,2026Q2
E4,0xb88b63d351137c0228585d483cc17d6469285052ff4f3c534862fae918314095,2026-04-29T21:00:00+00:00,NO,0.66,100.0,1,-100.0,AutoEV,-0.17671366576766834,0.2677479784358611,2026Q2
E4,0x60823da163c9c1dc377c0090b7e21546854f55f52549c29faf0ea432d7dbbb33,2026-04-30T13:00:00+00:00,YES,0.895,100.0,1,11.731843575418992,Pharma,0.05617008230376708,0.5349531647977818,2026Q2
E4,0x49678123f57453770d58e3917e03afa3154996e5b74b3a593709b0668dc26727,2026-04-30T13:00:00+00:00,YES,0.815,100.0,1,22.699386503067494,Pharma,0.09614471115553813,0.5197011413812871,2026Q2
E4,0xc0a568643af8ef72532e0562c199a335e997df697f9ae64b3474747dea5e9942,2026-05-01T13:00:00+00:00,NO,0.295,100.0,0,41.84397163120566,Other,-0.06026113234340136,0.20427502489288596,2026Q2
