ticker,sector,end_date,pm_side,polymarket_implied_p_beat,outcome_beat,stock_return,pm_pnl,hedge_ratio,stock_pnl,pnl
GIS,Staples,2025-09-24 07:00:00+00:00,YES,0.9965,1,-0.005163782687772819,-0.37192674360261746,0.5,-0.7204728359716024,-1.0923995795742198
BLSH,Other,2025-09-24 20:00:00+00:00,YES,0.504,1,-0.09525874708755751,244.78174603174605,0.0,0.0,244.78174603174605
FDS,TechServices,2025-09-25 07:00:00+00:00,NO,0.005,0,-0.016777755113989018,0.006281407035153563,0.5,2.022219389248627,2.0285007962837804
FDX,Industrials,2025-09-25 16:00:00+00:00,YES,0.9955,1,0.028072321277288845,-0.11991461577095963,0.5,3.4340401596611057,3.314125543890146
MU,Semis,2025-09-30 16:00:00+00:00,YES,0.9895,1,0.16837287684029198,1.4028549772612542,0.5,20.971609605036498,22.37446458229775
MLKN,Other,2025-09-30 20:00:00+00:00,YES,0.995,1,-0.02224680765508484,0.006281407035153563,0.5,-2.855850956885605,-2.8495695498504516
ACN,TechServices,2025-10-02 11:00:00+00:00,YES,0.991,1,0.0047368208575619426,1.0204339051463074,0.5,0.5171026071952428,1.5375365123415503
JBL,Other,2025-10-02 11:00:00+00:00,YES,0.985,1,-0.057386533547254905,2.5571065989847552,0.5,-7.2483166934068635,-4.691210094422108
KMX,Staples,2025-10-02 11:00:00+00:00,NO,0.011,0,0.03447516847051968,1.530586450960576,0.5,-4.38439605881496,-2.8538096078543838
CNXC,Other,2025-10-02 20:00:00+00:00,NO,0.01,0,-0.006063185432304653,1.2752525252525415,0.5,0.6828981790380816,1.958150704290623
STZ,Other,2025-10-06 00:00:00+00:00,YES,0.705,1,-0.002633102301081231,103.35992907801419,0.5,-0.4041377876351539,102.95579129037904
PRGS,Other,2025-10-06 20:00:00+00:00,YES,0.989,1,-0.0049815800597330226,1.530586450960576,0.5,-0.6976975074666277,0.8328889434939483
MKC,Other,2025-10-07 00:00:00+00:00,YES,0.74,1,-0.04498627563845974,86.58783783783782,0.5,-5.698284454807468,80.88955338303036
AZZ,Other,2025-10-08 00:00:00+00:00,YES,0.87,0,-0.07031474715468769,-251.25,0.5,-8.864343394335961,-260.11434339433595
RELL,Other,2025-10-08 00:00:00+00:00,YES,0.83,1,0.23670487041747834,49.95481927710846,0.5,29.513108802184792,79.46792807929326
RGP,Other,2025-10-08 00:00:00+00:00,YES,0.845,1,-0.04233875536680329,44.60798816568049,0.5,-5.3673444208504115,39.24064374483008
PEP,Staples,2025-10-09 00:00:00+00:00,YES,0.89,1,0.057050323784634684,29.648876404494402,0.5,7.056290473079335,36.70516687757374
DAL,Industrials,2025-10-09 00:00:00+00:00,YES,0.885,1,0.0038420458748545973,31.235875706214692,0.5,0.40525573435682466,31.641131440571517
APLD,Other,2025-10-09 00:00:00+00:00,YES,0.83,1,0.28119113451725064,49.95481927710846,0.5,35.07389181465633,85.02871109176479
LEVI,Other,2025-10-09 00:00:00+00:00,YES,0.915,1,-0.12229043551942587,21.974043715846964,0.5,-15.361304439928233,6.612739275918731
NEOG,Other,2025-10-09 00:00:00+00:00,NO,0.37,0,-0.003300326916726055,145.5753968253968,0.0,0.0,145.5753968253968
NRIX,Other,2025-10-09 00:00:00+00:00,YES,0.805,0,0.04051173878515111,-251.25,0.5,4.9889673481438885,-246.2610326518561
BYRN,Other,2025-10-09 00:00:00+00:00,YES,0.81,1,0.16637168873522432,57.39197530864196,0.5,20.72146109190304,78.113436400545
HELE,Other,2025-10-09 00:00:00+00:00,NO,0.49,1,-0.2208774597059985,-251.25,0.0,0.0,-251.25
UNTY,Other,2025-10-10 00:00:00+00:00,YES,0.795,1,-0.04765753233471677,63.21540880503143,0.5,-6.032191541839596,57.183217263191835
FAST,Other,2025-10-13 00:00:00+00:00,YES,0.755,0,-0.08477842835315101,-251.25,0.5,-10.672303544143876,-261.92230354414386
DPZ,Consumer,2025-10-14 00:00:00+00:00,YES,0.825,1,0.027290429434323447,51.78030303030304,0.5,3.3363036792904306,55.11660670959347
C,Banks,2025-10-14 00:00:00+00:00,YES,0.865,0,0.0622803341652199,-251.25,0.5,7.710041770652487,-243.53995822934752
GS,Banks,2025-10-14 00:00:00+00:00,YES,0.91,1,0.004670522346340323,23.475274725274694,0.5,0.5088152932925404,23.984090018567233
JNJ,Pharma,2025-10-14 00:00:00+00:00,YES,0.9795,1,0.0023594660726587555,3.9822613578356103,0.5,0.2199332590823444,4.2021946169179545
WFC,Banks,2025-10-14 00:00:00+00:00,YES,0.9345,1,0.11388814390799973,16.272739432851818,0.5,14.161017988499967,30.433757421351785
BLK,Other,2025-10-14 00:00:00+00:00,YES,0.935,0,0.062020839730669734,-251.25,0.5,7.677604966333717,-243.57239503366628
JPM,Banks,2025-10-14 00:00:00+00:00,YES,0.935,1,0.015952584832397608,16.129679144384987,0.5,1.919073104049701,18.04875224843469
ABT,Other,2025-10-15 00:00:00+00:00,YES,0.895,0,-0.03298244924785414,-251.25,0.5,-4.197806155981767,-255.44780615598177
BAC,Banks,2025-10-15 00:00:00+00:00,YES,0.91,1,0.03679328233640124,23.475274725274694,0.5,4.524160292050154,27.99943501732485
CFG,Other,2025-10-15 00:00:00+00:00,YES,0.745,1,-0.017461862619818438,84.32046979865774,0.5,-2.2577328274773047,82.06273697118044
MS,Banks,2025-10-15 00:00:00+00:00,YES,0.92,1,0.05373380113918328,20.489130434782595,0.5,6.64172514239791,27.130855577180505
GBCI,Other,2025-10-16 00:00:00+00:00,YES,0.815,0,-0.04891777072157753,-251.25,0.5,-6.189721340197192,-257.4397213401972
USB,Banks,2025-10-16 00:00:00+00:00,YES,0.85,1,0.009054680867209501,42.867647058823536,0.5,1.0568351084011878,43.924482167224724
IBKR,Other,2025-10-16 00:00:00+00:00,YES,0.855,1,-0.04028397944430113,41.14766081871343,0.5,-5.110497430537642,36.03716338817579
KEY,Other,2025-10-16 00:00:00+00:00,YES,0.785,1,-0.013953630576710431,67.22133757961782,0.5,-1.8192038220888038,65.40213375752901
BK,Other,2025-10-16 00:00:00+00:00,YES,0.885,1,0.013774648670652244,31.235875706214692,0.5,1.6468310838315305,32.88270679004622
SCHW,Other,2025-10-16 00:00:00+00:00,YES,0.915,1,0.023705961890509584,21.974043715846964,0.5,2.888245236313698,24.86228895216066
TFC,Other,2025-10-17 00:00:00+00:00,YES,0.865,1,0.011641400856011515,37.76734104046245,0.5,1.3801751070014394,39.14751614746389
STT,Other,2025-10-17 00:00:00+00:00,YES,0.875,1,0.009633018610088164,34.4642857142857,0.5,1.1291273262610206,35.59341304054672
AXP,Other,2025-10-17 13:00:00+00:00,YES,0.91,1,0.04996249201952959,23.475274725274694,0.5,6.170311502441199,29.645586227715892
SFBS,Other,2025-10-20 00:00:00+00:00,YES,0.745,0,-0.04920439046567513,-251.25,0.5,-6.225548808209392,-257.4755488082094
EFX,Other,2025-10-21 00:00:00+00:00,YES,0.705,1,0.01643814785202214,103.35992907801419,0.5,1.9797684815027676,105.33969755951696
OMC,Other,2025-10-21 00:00:00+00:00,YES,0.745,1,0.04785868288815457,84.32046979865774,0.5,5.907335361019321,90.22780515967706
LMT,Other,2025-10-21 13:00:00+00:00,YES,0.735,1,-0.014339135889922583,88.88605442176869,0.5,-1.8673919862403228,87.01866243552837
MMM,Other,2025-10-21 13:00:00+00:00,YES,0.875,1,0.124213906245588,34.4642857142857,0.5,15.4517382806985,49.9160239949842
GM,AutoEV,2025-10-21 13:00:00+00:00,YES,0.92,1,0.1450838259918132,20.489130434782595,0.5,18.06047824897665,38.549608683759246
KO,Staples,2025-10-21 13:00:00+00:00,YES,0.925,1,0.02191695940632747,19.02027027027023,0.5,2.6646199257909338,21.684890196061165
HAL,Energy,2025-10-21 13:00:00+00:00,NO,0.335,0,0.22227207991272607,124.68984962406013,0.0,0.0,124.68984962406013
NDAQ,Other,2025-10-21 13:00:00+00:00,YES,0.9545,1,0.0025962707181961388,10.667234154007305,0.5,0.24953383977451732,10.916767993781823
DGX,Other,2025-10-21 13:00:00+00:00,YES,0.8785,1,-0.033138062356569825,33.32598178713717,0.5,-4.217257794571228,29.10872399256594
NOC,Other,2025-10-21 13:00:00+00:00,YES,0.82,1,0.018906620362628787,53.628048780487795,0.5,2.288327545328598,55.916376325816394
PM,Other,2025-10-21 13:00:00+00:00,YES,0.865,1,-0.0022776302855534863,37.76734104046245,0.5,-0.3597037856941858,37.40763725476826
PHM,Other,2025-10-21 13:00:00+00:00,NO,0.325,0,-0.028846861219117028,119.12037037037035,0.0,0.0,119.12037037037035
TXN,Semis,2025-10-21 21:00:00+00:00,YES,0.85,0,-0.02486122305052982,-251.25,0.5,-3.182652881316228,-254.43265288131622
NFLX,BigTech,2025-10-21 21:00:00+00:00,YES,0.835,0,-0.07151310751972102,-251.25,0.5,-9.014138439965127,-260.2641384399651
CB,Other,2025-10-21 21:00:00+00:00,YES,0.885,1,0.05491965672761002,31.235875706214692,0.5,6.789957090951252,38.02583279716595
EWBC,Other,2025-10-21 21:00:00+00:00,YES,0.795,1,0.06240875930154703,63.21540880503143,0.5,7.7260949126933784,70.94150371772481
MAT,Other,2025-10-21 21:00:00+00:00,YES,0.73,0,0.04182512026864089,-251.25,0.5,5.153140033580111,-246.09685996641988
TSLA,AutoEV,2025-10-22 00:00:00+00:00,YES,0.74,0,0.022011821905884625,-251.25,0.5,2.6764777382355778,-248.57352226176442
KMI,Other,2025-10-22 00:00:00+00:00,NO,0.315,0,-0.041271002696991785,113.71350364963503,0.0,0.0,113.71350364963503
NTRS,Other,2025-10-22 13:00:00+00:00,YES,0.785,1,0.009693971379514974,67.22133757961782,0.5,1.1367464224393717,68.3580840020572
MCO,Other,2025-10-22 13:00:00+00:00,YES,0.81,1,0.04199218527638725,57.39197530864196,0.5,5.174023159548406,62.565998468190365
CME,Other,2025-10-22 13:00:00+00:00,YES,0.775,1,0.005971515274636982,71.33064516129032,0.5,0.6714394093296228,72.00208457061994
HLT,Other,2025-10-22 13:00:00+00:00,YES,0.875,1,0.028816277261638486,34.4642857142857,0.5,3.5270346577048106,37.99132037199051
T,Other,2025-10-22 13:00:00+00:00,YES,0.76,0,-0.04555808757214156,-251.25,0.5,-5.769760946517695,-257.0197609465177
CASH,Other,2025-10-22 20:00:00+00:00,NO,0.0615,0,0.004212928099274621,15.132525306339879,0.5,-0.6016160124093276,14.530909293930552
RJF,Banks,2025-10-22 21:00:00+00:00,YES,0.745,1,0.0058826759295323595,84.32046979865774,0.5,0.660334491191545,84.98080428984929
WDFC,Other,2025-10-22 21:00:00+00:00,YES,0.805,1,0.04634703959941915,59.3090062111801,0.5,5.718379949927394,65.02738616110749
LUV,Industrials,2025-10-22 21:00:00+00:00,YES,0.705,1,-0.03937951439198669,103.35992907801419,0.5,-4.997439298998336,98.36248977901586
SEIC,Other,2025-10-22 21:00:00+00:00,YES,0.795,1,0.01386310359791156,63.21540880503143,0.5,1.6578879497389452,64.87329675477038
CHDN,Other,2025-10-22 21:00:00+00:00,YES,0.665,0,0.11565233487737477,-251.25,0.0,0.0,-251.25
ORLY,Other,2025-10-22 21:00:00+00:00,NO,0.355,1,-0.04261812889847236,-251.25,0.0,0.0,-251.25
IBM,TechServices,2025-10-22 21:00:00+00:00,YES,0.845,1,0.09307445726178255,44.60798816568049,0.5,11.55930715772282,56.16729532340331
LVS,Other,2025-10-22 21:00:00+00:00,YES,0.725,1,0.18665014231826427,93.57758620689657,0.5,23.256267789783035,116.83385399667961
UNP,Other,2025-10-23 13:00:00+00:00,YES,0.68,1,-0.03990324930036645,116.39705882352938,0.0,0.0,116.39705882352938
PCG,Other,2025-10-23 13:00:00+00:00,NO,0.47,1,-0.0149879316608294,-251.25,0.0,0.0,-251.25
STBA,Other,2025-10-23 13:00:00+00:00,YES,0.795,1,0.030540748643883644,63.21540880503143,0.5,3.742593580485455,66.95800238551689
HAS,Other,2025-10-23 13:00:00+00:00,YES,0.805,1,0.044123403711831315,59.3090062111801,0.5,5.440425463978914,64.74943167515902
FCN,Other,2025-10-23 13:00:00+00:00,YES,0.665,1,0.0911830069109339,124.68984962406013,0.0,0.0,124.68984962406013
TSCO,Other,2025-10-23 13:00:00+00:00,YES,0.565,1,0.019533322938911427,191.2278761061947,0.0,0.0,191.2278761061947
HON,Other,2025-10-23 13:00:00+00:00,YES,0.815,1,0.04387715559461976,55.49846625766872,0.5,5.40964444932747,60.90811070699618
AAL,Industrials,2025-10-23 13:00:00+00:00,YES,0.705,1,0.10188987373414836,103.35992907801419,0.5,12.661234216768545,116.02116329478274
BX,Other,2025-10-23 13:00:00+00:00,YES,0.625,0,-0.04107447106989809,-251.25,0.0,0.0,-251.25
AB,Other,2025-10-23 13:00:00+00:00,YES,0.74,1,0.01263900697812356,86.58783783783782,0.5,1.5048758722654452,88.09271371010327
DOW,Other,2025-10-23 13:00:00+00:00,YES,0.655,1,0.1895516855009016,130.42938931297707,0.0,0.0,130.42938931297707
TMUS,Other,2025-10-23 13:00:00+00:00,YES,0.815,1,-0.040897044706585096,55.49846625766872,0.5,-5.187130588323138,50.31133566934558
CBRE,Other,2025-10-23 13:00:00+00:00,NO,0.345,0,0.00781836353405302,130.42938931297707,0.0,0.0,130.42938931297707
INTC,Semis,2025-10-23 21:00:00+00:00,YES,0.755,1,0.03779534118313291,79.87582781456956,0.5,4.649417647891613,84.52524546246117
COUR,Other,2025-10-23 21:00:00+00:00,YES,0.65,1,-0.13747646458379525,133.36538461538458,0.0,0.0,133.36538461538458
SSNC,Other,2025-10-23 21:00:00+00:00,YES,0.845,1,0.04988317147336065,44.60798816568049,0.5,6.160396434170082,50.76838459985057
SAM,Other,2025-10-23 21:00:00+00:00,YES,0.63,1,0.03394683534244778,145.5753968253968,0.0,0.0,145.5753968253968
GD,Other,2025-10-24 13:00:00+00:00,YES,0.505,1,0.03839266367673133,243.79950495049505,0.0,0.0,243.79950495049505
PG,Staples,2025-10-24 13:00:00+00:00,YES,0.61,1,0.00779000348697157,158.5860655737705,0.0,0.0,158.5860655737705
F,AutoEV,2025-10-24 21:00:00+00:00,YES,0.64,1,0.05573240532429719,139.375,0.0,0.0,139.375
CFLT,Other,2025-10-27 21:00:00+00:00,YES,0.655,1,0.037280719733011336,130.42938931297707,0.0,0.0,130.42938931297707
BBBY,Other,2025-10-27 21:00:00+00:00,NO,0.475,1,-0.04434073838653879,-251.25,0.0,0.0,-251.25
SYY,Other,2025-10-28 13:00:00+00:00,YES,0.5,1,-0.03425989571142623,248.75,0.0,0.0,248.75
ARCC,Other,2025-10-28 13:00:00+00:00,NO,0.345,0,0.003486072788137105,130.42938931297707,0.0,0.0,130.42938931297707
MSCI,Other,2025-10-28 13:00:00+00:00,YES,0.795,1,0.07532880627724373,63.21540880503143,0.5,9.341100784655467,72.5565095896869
UPS,Industrials,2025-10-28 13:00:00+00:00,YES,0.665,1,0.0898876424771841,124.68984962406013,0.0,0.0,124.68984962406013
IVZ,Other,2025-10-28 13:00:00+00:00,YES,0.695,1,0.020869459027316874,108.46223021582738,0.0,0.0,108.46223021582738
LH,Other,2025-10-28 13:00:00+00:00,YES,0.82,1,-0.09717692606738253,53.628048780487795,0.5,-12.222115758422815,41.40593302206498
UNH,Other,2025-10-28 13:00:00+00:00,NO,0.475,1,-0.048965467938418765,-251.25,0.0,0.0,-251.25
RCL,Other,2025-10-28 13:00:00+00:00,YES,0.815,1,-0.10086906696538665,55.49846625766872,0.5,-12.68363337067333,42.81483288699539
PYPL,Other,2025-10-28 13:00:00+00:00,YES,0.825,1,-0.02637237431951436,51.78030303030304,0.5,-3.3715467899392952,48.40875624036374
PIPR,Other,2025-10-28 13:00:00+00:00,YES,0.73,1,-0.06390403388483239,91.21575342465752,0.5,-8.063004235604048,83.15274918905348
SOFI,Other,2025-10-28 13:00:00+00:00,YES,0.885,1,0.0006894332163348202,31.235875706214692,0.5,0.011179152041852533,31.247054858256543
JBLU,Other,2025-10-28 13:00:00+00:00,YES,0.765,1,-0.09628009643170352,75.54738562091504,0.5,-12.110012053962938,63.4373735669521
BKNG,Consumer,2025-10-28 21:00:00+00:00,YES,0.73,1,-0.012815448152489556,91.21575342465752,0.5,-1.6769310190611944,89.53882240559632
CSGP,Other,2025-10-28 21:00:00+00:00,YES,0.595,0,-0.10591860398828586,-251.25,0.0,0.0,-251.25
EA,Other,2025-10-28 21:00:00+00:00,YES,0.765,1,-0.004580774979134182,75.54738562091504,0.5,-0.6475968723917727,74.89978874852326
KHC,Other,2025-10-29 13:00:00+00:00,YES,0.78,1,-0.020594017225727092,69.26282051282048,0.5,-2.649252153215887,66.6135683596046
CAT,Industrials,2025-10-29 13:00:00+00:00,NO,0.49,1,0.10431767337020638,-251.25,0.0,0.0,-251.25
CVS,Other,2025-10-29 13:00:00+00:00,YES,0.785,1,-0.046137003603663164,67.22133757961782,0.5,-5.842125450457896,61.379212129159924
ETSY,Other,2025-10-29 13:00:00+00:00,NO,0.425,1,-0.1610284341024224,-251.25,0.0,0.0,-251.25
GRMN,Other,2025-10-29 13:00:00+00:00,YES,0.87,1,-0.14577759995646475,36.106321839080444,0.5,-18.297199994558092,17.809121844522352
OTLY,Other,2025-10-29 13:00:00+00:00,YES,0.725,0,0.009590768237694659,-251.25,0.5,1.1238460297118325,-250.12615397028816
PAG,Other,2025-10-29 13:00:00+00:00,YES,0.695,0,-0.028524575458106095,-251.25,0.0,0.0,-251.25
BA,Industrials,2025-10-29 13:00:00+00:00,NO,0.375,0,-0.0918454993018938,148.75000000000003,0.0,0.0,148.75000000000003
VZ,Other,2025-10-29 13:00:00+00:00,YES,0.77,0,0.023699244824276027,-251.25,0.5,2.887405603034503,-248.3625943969655
EVR,Other,2025-10-29 13:00:00+00:00,YES,0.865,1,-0.09153718527848086,37.76734104046245,0.5,-11.517148159810107,26.250192880652342
OTIS,Other,2025-10-29 13:00:00+00:00,YES,0.695,1,0.008809190372320776,108.46223021582738,0.0,0.0,108.46223021582738
VIRT,Other,2025-10-29 13:00:00+00:00,YES,0.745,1,0.038450096100774676,84.32046979865774,0.5,4.731262012596835,89.05173181125457
CVNA,Other,2025-10-29 21:00:00+00:00,YES,0.835,0,-0.12716401511906114,-251.25,0.5,-15.970501889882643,-267.22050188988266
EBAY,Other,2025-10-29 21:00:00+00:00,YES,0.88,1,-0.16347745048272325,32.840909090909115,0.5,-20.509681310340405,12.33122778056871
TDOC,Other,2025-10-29 21:00:00+00:00,YES,0.505,0,-0.08773783513309956,-251.25,0.0,0.0,-251.25
CMG,Consumer,2025-10-29 21:00:00+00:00,YES,0.735,0,-0.2306384658748507,-251.25,0.5,-28.904808234356338,-280.1548082343563
MSFT,BigTech,2025-10-29 21:00:00+00:00,YES,0.78,1,-0.011076984303489284,69.26282051282048,0.5,-1.4596230379361603,67.80319747488433
META,BigTech,2025-10-29 21:00:00+00:00,YES,0.825,0,-0.12190533946416902,-251.25,0.5,-15.313167433021126,-266.56316743302114
SBUX,Consumer,2025-10-29 21:00:00+00:00,NO,0.415,0,-0.060634152371499814,176.1004273504274,0.0,0.0,176.1004273504274
MGM,Other,2025-10-29 21:00:00+00:00,YES,0.825,0,-0.02377331793192492,-251.25,0.5,-3.0466647414906154,-254.29666474149062
GOOGL,BigTech,2025-10-29 21:00:00+00:00,YES,0.755,1,0.08183276595569575,79.87582781456956,0.5,10.15409574446197,90.02992355903153
WAY,Other,2025-10-29 21:00:00+00:00,YES,0.755,1,-0.08006165380678779,79.87582781456956,0.5,-10.082706725848473,69.7931210887211
RBLX,Other,2025-10-30 13:00:00+00:00,YES,0.845,1,-0.16211379049371188,44.60798816568049,0.5,-20.339223811713985,24.268764353966503
HGV,Other,2025-10-30 13:00:00+00:00,NO,0.33,0,-0.08263920530538943,121.88432835820898,0.0,0.0,121.88432835820898
TW,Other,2025-10-30 13:00:00+00:00,YES,0.64,1,-0.04105976695858742,139.375,0.0,0.0,139.375
ICE,Other,2025-10-30 13:00:00+00:00,YES,0.835,1,-0.08915151928487516,48.15119760479045,0.5,-11.218939910609395,36.932257694181054
SHAK,Other,2025-10-30 13:00:00+00:00,YES,0.655,1,0.0019282304029783325,130.42938931297707,0.0,0.0,130.42938931297707
SPGI,Other,2025-10-30 13:00:00+00:00,YES,0.85,1,0.000765043846386453,42.867647058823536,0.5,0.020630480798306622,42.88827753962184
MA,Other,2025-10-30 13:00:00+00:00,YES,0.865,1,-0.049426911260414375,37.76734104046245,0.5,-6.253363907551797,31.51397713291065
FOXA,Other,2025-10-30 13:00:00+00:00,YES,0.84,1,0.038354808332945946,46.36904761904761,0.5,4.719351041618243,51.08839866066586
LLY,Pharma,2025-10-30 13:00:00+00:00,YES,0.805,1,0.08484908742845072,59.3090062111801,0.5,10.531135928556342,69.84014213973644
BUD,Other,2025-10-30 13:00:00+00:00,YES,0.845,1,-0.007788407170491835,44.60798816568049,0.5,-1.0485508963114794,43.559437269369006
AMP,Other,2025-10-30 13:00:00+00:00,NO,0.475,1,-0.06654568811475733,-251.25,0.0,0.0,-251.25
EL,Other,2025-10-30 13:00:00+00:00,YES,0.77,1,-0.07176991050965732,73.42532467532467,0.5,-9.046238813707165,64.37908586161751
MSTR,Other,2025-10-30 21:00:00+00:00,NO,0.33,0,-0.10472547083761218,121.88432835820898,0.0,0.0,121.88432835820898
AMZN,BigTech,2025-10-30 21:00:00+00:00,YES,0.815,1,0.11909062269869401,55.49846625766872,0.5,14.811327837336751,70.30979409500547
ROKU,Other,2025-10-30 21:00:00+00:00,YES,0.85,1,0.09938265294461714,42.867647058823536,0.5,12.347831618077143,55.21547867690068
AAPL,BigTech,2025-10-30 21:00:00+00:00,YES,0.84,1,0.0008927831071650252,46.36904761904761,0.5,0.03659788839562815,46.40564550744324
RDDT,Other,2025-10-30 21:00:00+00:00,YES,0.825,1,-0.06504291830110215,51.78030303030304,0.5,-8.205364787637768,43.57493824266527
XOM,Energy,2025-10-31 00:00:00+00:00,YES,0.7625,1,-0.018802836703513716,76.61885245901642,0.5,-2.4253545879392147,74.19349787107721
CBOE,Other,2025-10-31 13:00:00+00:00,YES,0.8,1,0.03517379604042543,61.25,0.5,4.3217245050531785,65.57172450505318
CL,Staples,2025-10-31 13:00:00+00:00,YES,0.82,1,-0.02800089473739017,53.628048780487795,0.5,-3.5751118421737718,50.052936938314026
CVX,Energy,2025-10-31 13:00:00+00:00,YES,0.68,1,-0.000584065681410467,116.39705882352938,0.0,0.0,116.39705882352938
HESM,Other,2025-11-03 14:00:00+00:00,YES,0.63,1,-0.004123636775231502,145.5753968253968,0.0,0.0,145.5753968253968
ARES,Other,2025-11-03 14:00:00+00:00,YES,0.505,1,0.030529275366748775,243.79950495049505,0.0,0.0,243.79950495049505
IART,Other,2025-11-03 14:00:00+00:00,YES,0.9995,1,-0.050791057346079416,-1.1249374687344038,0.5,-6.423882168259927,-7.548819636994331
GTM,Other,2025-11-03 22:00:00+00:00,YES,0.79,1,0.0,65.20569620253161,0.5,-0.075,65.13069620253161
CLX,Other,2025-11-03 22:00:00+00:00,YES,0.785,1,-0.03147785813956545,67.22133757961782,0.5,-4.009732267445681,63.21160531217214
HIMS,Other,2025-11-03 22:00:00+00:00,YES,0.69,0,-0.03805542404481103,-251.25,0.0,0.0,-251.25
COIN,Other,2025-11-03 22:00:00+00:00,YES,0.9995,1,-0.07120836311958927,-1.1249374687344038,0.5,-8.976045389948657,-10.10098285868306
WMB,Other,2025-11-03 22:00:00+00:00,YES,0.65,0,-0.005702380762712171,-251.25,0.0,0.0,-251.25
PLTR,Other,2025-11-03 22:00:00+00:00,YES,0.825,1,-0.0627026849288041,51.78030303030304,0.5,-7.912835616100512,43.86746741420252
CBT,Other,2025-11-03 22:00:00+00:00,YES,0.655,1,-0.1038826270531691,130.42938931297707,0.0,0.0,130.42938931297707
GRAB,Other,2025-11-03 22:00:00+00:00,YES,0.605,0,-0.06156411785446454,-251.25,0.0,0.0,-251.25
HOG,Other,2025-11-04 13:00:00+00:00,NO,0.3,1,-0.06819861613659427,-251.25,0.0,0.0,-251.25
PJT,Other,2025-11-04 14:00:00+00:00,YES,0.93,1,0.04444176503748272,17.56720430107525,0.5,5.4802206296853395,23.04742493076059
MAR,Other,2025-11-04 14:00:00+00:00,YES,0.805,1,0.07890107041437155,59.3090062111801,0.5,9.787633801796446,69.09664001297654
HTZ,Other,2025-11-04 14:00:00+00:00,NO,0.29,1,0.20565298339249646,-251.25,0.5,-25.781622924062056,-277.03162292406205
WING,Other,2025-11-04 14:00:00+00:00,YES,0.88,1,0.12911419472832228,32.840909090909115,0.5,16.064274341040285,48.905183431949396
SHOP,Other,2025-11-04 14:00:00+00:00,YES,0.915,0,-0.10243872941487468,-251.25,0.5,-12.879841176859335,-264.1298411768593
SSTK,Other,2025-11-04 14:00:00+00:00,YES,0.55,0,-0.12225329240879326,-251.25,0.0,0.0,-251.25
PFE,Pharma,2025-11-04 14:00:00+00:00,NO,0.36,0,0.008113628912718806,139.375,0.0,0.0,139.375
UBER,Other,2025-11-04 14:00:00+00:00,YES,0.89,1,-0.04538857257427932,29.648876404494402,0.5,-5.7485715717849155,23.900304832709487
APO,Other,2025-11-04 14:00:00+00:00,YES,0.715,1,0.037567342942974306,98.4003496503497,0.5,4.620917867871788,103.02126751822148
MPC,Other,2025-11-04 14:00:00+00:00,YES,0.79,1,-0.011235898193393584,65.20569620253161,0.5,-1.4794872741741978,63.726208928357416
BYND,Other,2025-11-04 22:00:00+00:00,NO,0.355,0,-0.2809667203672712,136.34689922480618,0.0,0.0,136.34689922480618
TOST,Other,2025-11-04 22:00:00+00:00,YES,0.685,1,0.006640887728834341,113.71350364963503,0.0,0.0,113.71350364963503
LYV,Other,2025-11-04 22:00:00+00:00,NO,0.325,0,-0.07864638937229874,119.12037037037035,0.0,0.0,119.12037037037035
PINS,Other,2025-11-04 22:00:00+00:00,NO,0.455,0,-0.20604223872722333,207.4655963302753,0.0,0.0,207.4655963302753
CGBD,Other,2025-11-04 22:00:00+00:00,NO,0.22,0,-0.0561708760446048,69.26282051282048,0.5,6.9463595055756,76.20918001839608
AMD,Semis,2025-11-04 22:00:00+00:00,YES,0.9785,1,-0.07191940699716654,4.243101686254443,0.5,-9.064925874645816,-4.821824188391373
RIVN,AutoEV,2025-11-04 22:00:00+00:00,NO,0.49,0,0.12159179140099173,238.94607843137254,0.0,0.0,238.94607843137254
CRSP,Other,2025-11-04 22:00:00+00:00,YES,0.625,1,-0.11533053406058388,148.75000000000003,0.0,0.0,148.75000000000003
HNGE,Other,2025-11-04 22:00:00+00:00,YES,0.745,1,-0.1149517202361034,84.32046979865774,0.5,-14.443965029512924,69.87650476914482
HUM,Other,2025-11-05 14:00:00+00:00,YES,0.845,1,-0.09400061314079547,44.60798816568049,0.5,-11.825076642599432,32.782911523081054
NYT,Other,2025-11-05 14:00:00+00:00,YES,0.895,1,0.0765046569052653,28.07960893854747,0.5,9.488082113158162,37.56769105170563
SUN,Other,2025-11-05 14:00:00+00:00,NO,0.355,0,-0.027192739753698424,136.34689922480618,0.0,0.0,136.34689922480618
FIS,Other,2025-11-05 14:00:00+00:00,YES,0.855,1,0.03614842606438298,41.14766081871343,0.5,4.4435532580478725,45.591214076761304
FTDR,Other,2025-11-05 14:00:00+00:00,YES,0.915,1,-0.2410056008231431,21.974043715846964,0.5,-30.200700102892885,-8.22665638704592
CRL,Other,2025-11-05 14:00:00+00:00,YES,0.855,1,-0.06675183974874138,41.14766081871343,0.5,-8.418979968592671,32.72868085012076
MCD,Consumer,2025-11-05 14:00:00+00:00,YES,0.71,0,0.0041215013764372525,-251.25,0.5,0.44018767205465653,-250.80981232794534
SONO,Other,2025-11-05 14:00:00+00:00,YES,0.53,0,-0.051252134936305996,-251.25,0.0,0.0,-251.25
IEP,Other,2025-11-05 14:00:00+00:00,NO,0.32,1,0.0980148176520449,-251.25,0.0,0.0,-251.25
CHYM,Other,2025-11-05 22:00:00+00:00,YES,0.59,1,0.18462434841049652,172.47881355932208,0.0,0.0,172.47881355932208
HUBS,Other,2025-11-05 22:00:00+00:00,YES,0.845,1,-0.1901122478827314,44.60798816568049,0.5,-23.839030985341424,20.768957180339065
AMC,Other,2025-11-05 22:00:00+00:00,YES,0.64,1,-0.06949800552265818,139.375,0.0,0.0,139.375
ALL,Other,2025-11-05 22:00:00+00:00,YES,0.9,1,0.056234260893868994,26.52777777777779,0.5,6.954282611733624,33.48206038951141
BMBL,Other,2025-11-05 22:00:00+00:00,NO,0.26,0,-0.23153158199785998,86.58783783783782,0.5,28.866447749732497,115.45428558757033
FSK,Other,2025-11-05 22:00:00+00:00,NO,0.245,1,0.009277663605698776,-251.25,0.5,-1.234707950712347,-252.48470795071233
LYFT,Other,2025-11-05 22:00:00+00:00,YES,0.865,1,0.0772239443673177,37.76734104046245,0.5,9.577993045914715,47.345334086377164
APP,Other,2025-11-05 22:00:00+00:00,YES,0.83,1,-0.027301435594566756,49.95481927710846,0.5,-3.4876794493208445,46.46713982778762
FIG,Other,2025-11-05 22:00:00+00:00,YES,0.665,0,-0.11215891122539726,-251.25,0.0,0.0,-251.25
TKO,Other,2025-11-05 22:00:00+00:00,YES,0.78,0,-0.030997851521720576,-251.25,0.5,-3.9497314402150723,-255.19973144021506
MET,Other,2025-11-05 22:00:00+00:00,NO,0.285,1,-0.039087914087901965,-251.25,0.5,4.810989260987745,-246.43901073901225
ATO,Other,2025-11-05 22:00:00+00:00,YES,0.935,1,0.03022359752122664,16.129679144384987,0.5,3.70294969015333,19.832628834538315
ARM,Semis,2025-11-05 22:00:00+00:00,YES,0.845,1,-0.10269698321299658,44.60798816568049,0.5,-12.912122901624572,31.695865264055918
AMPL,Other,2025-11-05 22:00:00+00:00,YES,0.785,1,-0.003980095631232273,67.22133757961782,0.5,-0.5725119539040342,66.64882562571378
QCOM,Semis,2025-11-05 22:00:00+00:00,YES,0.925,1,-0.05533438464648216,19.02027027027023,0.5,-6.99179808081027,12.028472189459961
HOOD,Other,2025-11-05 22:00:00+00:00,YES,0.905,1,-0.11186809037677503,24.99309392265195,0.5,-14.058511297096878,10.934582625555073
DASH,Other,2025-11-05 22:00:00+00:00,YES,0.745,0,-0.19679993127936043,-251.25,0.5,-24.674991409920054,-275.92499140992004
H,Other,2025-11-06 14:00:00+00:00,YES,0.86,0,0.1461292204074519,-251.25,0.5,18.191152550931488,-233.0588474490685
PZZA,Other,2025-11-06 14:00:00+00:00,YES,0.84,0,-0.08945948830002408,-251.25,0.5,-11.257436037503009,-262.507436037503
USFD,Other,2025-11-06 14:00:00+00:00,YES,0.73,1,-0.018995847414587527,91.21575342465752,0.5,-2.449480926823441,88.76627249783408
CELH,Other,2025-11-06 14:00:00+00:00,YES,0.675,0,-0.24793246627356935,-251.25,0.0,0.0,-251.25
BGC,Other,2025-11-06 14:00:00+00:00,NO,0.435,1,-0.012779561841553714,-251.25,0.0,0.0,-251.25
MRNA,Other,2025-11-06 14:00:00+00:00,YES,0.805,1,-0.006021662763914342,59.3090062111801,0.5,-0.8277078454892927,58.481298365690805
UAA,Other,2025-11-06 14:00:00+00:00,YES,0.665,1,-0.019693686916246216,124.68984962406013,0.0,0.0,124.68984962406013
DDOG,Other,2025-11-06 14:00:00+00:00,YES,0.8995,1,0.23223099064919048,26.68218454697055,0.5,28.95387383114881,55.63605837811936
COP,Energy,2025-11-06 14:00:00+00:00,YES,0.845,1,-0.0038386997853419196,44.60798816568049,0.5,-0.5548374731677399,44.05315069251275
TFX,Other,2025-11-06 14:00:00+00:00,YES,0.83,1,-0.12112335386491441,49.95481927710846,0.5,-15.2154192331143,34.739400043994166
WBD,Other,2025-11-06 14:00:00+00:00,YES,0.64,1,0.030955522582698833,139.375,0.0,0.0,139.375
WRBY,Other,2025-11-06 14:00:00+00:00,NO,0.34,0,-0.12038447207929168,127.53787878787884,0.0,0.0,127.53787878787884
RL,Other,2025-11-06 14:00:00+00:00,YES,0.86,1,0.06273991094334344,39.44767441860467,0.5,7.76748886791793,47.215163286522596
DD,Other,2025-11-06 14:00:00+00:00,YES,0.89,0,0.159988587914175,-251.25,0.5,19.923573489271877,-231.3264265107281
TRIP,Other,2025-11-06 14:00:00+00:00,YES,0.855,1,-0.004545434841439025,41.14766081871343,0.5,-0.6431793551798781,40.50448146353356
DBX,Other,2025-11-06 22:00:00+00:00,YES,0.92,1,0.028619476507951717,20.489130434782595,0.5,3.5024345634939644,23.99156499827656
USAR,Other,2025-11-06 22:00:00+00:00,YES,0.72,0,0.018923695902527828,-251.25,0.5,2.2904619878159784,-248.95953801218403
MRX,Other,2025-11-06 22:00:00+00:00,YES,0.745,1,0.11258072552458945,84.32046979865774,0.5,13.997590690573682,98.31806048923143
BIRD,Other,2025-11-06 22:00:00+00:00,YES,0.835,1,-0.3034884296023156,48.15119760479045,0.5,-38.01105370028945,10.140143904500995
BZFD,Other,2025-11-06 22:00:00+00:00,NO,0.375,0,-0.35185188319402894,148.75000000000003,0.0,0.0,148.75000000000003
SG,Other,2025-11-06 22:00:00+00:00,NO,0.395,0,-0.1528861220596033,161.97314049586777,0.0,0.0,161.97314049586777
MNST,Other,2025-11-06 22:00:00+00:00,NO,0.49,1,0.05292432010235846,-251.25,0.0,0.0,-251.25
ICUI,Other,2025-11-06 22:00:00+00:00,YES,0.91,1,0.1332410470117501,23.475274725274694,0.5,16.580130876468765,40.05540560174346
YELP,Other,2025-11-06 22:00:00+00:00,YES,0.755,1,-0.1164549948243122,79.87582781456956,0.5,-14.631874353039024,65.24395346153054
GPRO,Other,2025-11-06 22:00:00+00:00,YES,0.6,0,-0.13043478542555026,-251.25,0.0,0.0,-251.25
PTON,Other,2025-11-06 22:00:00+00:00,YES,0.505,1,0.023383779469044776,243.79950495049505,0.0,0.0,243.79950495049505
AKAM,Other,2025-11-06 22:00:00+00:00,YES,0.895,1,0.16892532099145074,28.07960893854747,0.5,21.040665123931344,49.12027406247881
DKNG,Other,2025-11-06 22:00:00+00:00,YES,0.56,0,-0.0009813143472799598,-251.25,0.0,0.0,-251.25
EXPE,Other,2025-11-06 22:00:00+00:00,YES,0.87,1,0.24317047676957226,36.106321839080444,0.5,30.321309596196535,66.42763143527698
NWSA,Other,2025-11-06 22:00:00+00:00,YES,0.565,1,0.03116575801390467,191.2278761061947,0.0,0.0,191.2278761061947
EB,Other,2025-11-06 22:00:00+00:00,YES,0.65,1,0.14644346831382307,133.36538461538458,0.0,0.0,133.36538461538458
FNF,Other,2025-11-06 22:00:00+00:00,NO,0.36,1,0.03846851000883115,-251.25,0.0,0.0,-251.25
OS,Other,2025-11-06 22:00:00+00:00,YES,0.79,1,0.24750388410537183,65.20569620253161,0.5,30.86298551317148,96.0686817157031
OPEN,Other,2025-11-06 22:00:00+00:00,NO,0.475,0,0.05006582739977876,224.94047619047618,0.0,0.0,224.94047619047618
ED,Other,2025-11-06 22:00:00+00:00,YES,0.845,1,0.016556225506957737,44.60798816568049,0.5,1.9945281883697172,46.60251635405021
SNDK,Other,2025-11-06 22:00:00+00:00,YES,0.905,1,0.2943820072329067,24.99309392265195,0.5,36.72275090411333,61.715844826765284
ABNB,Consumer,2025-11-06 22:00:00+00:00,YES,0.825,0,-0.05205052006837552,-251.25,0.5,-6.581315008546941,-257.83131500854694
KKR,Other,2025-11-07 14:00:00+00:00,YES,0.89,1,0.015385923617480238,29.648876404494402,0.5,1.8482404521850297,31.497116856679433
BEN,Other,2025-11-07 14:00:00+00:00,NO,0.46,1,-0.0030987232811972836,-251.25,0.0,0.0,-251.25
MKTX,Other,2025-11-07 14:00:00+00:00,YES,0.615,1,0.04891506524992637,155.2540650406504,0.0,0.0,155.2540650406504
WEN,Other,2025-11-07 14:00:00+00:00,YES,0.505,1,-0.039370118110909895,243.79950495049505,0.0,0.0,243.79950495049505
TSN,Other,2025-11-10 14:00:00+00:00,YES,0.825,1,0.026195934329954956,51.78030303030304,0.5,3.199491791244369,54.97979482154741
ETOR,Other,2025-11-10 14:00:00+00:00,YES,0.625,0,0.18491974098118866,-251.25,0.0,0.0,-251.25
HHH,Other,2025-11-10 14:00:00+00:00,YES,0.705,1,0.09739047831704828,103.35992907801419,0.5,12.098809789631035,115.45873886764522
TSEM,Other,2025-11-10 14:00:00+00:00,YES,0.785,1,0.26584986981387,67.22133757961782,0.5,33.156233726733745,100.37757130635157
TBPH,Other,2025-11-10 22:00:00+00:00,YES,0.585,1,0.20542377536579715,176.1004273504274,0.0,0.0,176.1004273504274
IHRT,Other,2025-11-10 22:00:00+00:00,NO,0.425,0,-0.08207345681389984,183.53260869565221,0.0,0.0,183.53260869565221
REAL,Other,2025-11-10 22:00:00+00:00,YES,0.765,1,0.3439491142283178,75.54738562091504,0.5,42.91863927853972,118.46602489945477
OXY,Energy,2025-11-10 22:00:00+00:00,YES,0.815,1,0.015008389527927901,55.49846625766872,0.5,1.8010486909909877,57.299514948659706
CHGG,Other,2025-11-10 22:00:00+00:00,YES,0.535,1,0.3595506265117984,216.03971962616822,0.0,0.0,216.03971962616822
GETY,Other,2025-11-10 22:00:00+00:00,YES,0.585,1,-0.06214690140704679,176.1004273504274,0.0,0.0,176.1004273504274
PSKY,Other,2025-11-10 22:00:00+00:00,NO,0.35,0,0.031125813929672366,133.36538461538458,0.0,0.0,133.36538461538458
BCSF,Other,2025-11-10 22:00:00+00:00,NO,0.265,0,0.008639238198724798,88.88605442176869,0.5,-1.1549047748405996,87.73114964692809
OKLO,Other,2025-11-11 22:00:00+00:00,NO,0.355,0,-0.09773636917085313,136.34689922480618,0.0,0.0,136.34689922480618
PXLW,Other,2025-11-11 22:00:00+00:00,YES,0.865,1,-0.0159236270905759,37.76734104046245,0.5,-2.0654533863219875,35.701887654140464
EWCZ,Other,2025-11-12 14:00:00+00:00,YES,0.825,1,0.03260866396255947,51.78030303030304,0.5,4.001082995319934,55.78138602562297
CRCL,Other,2025-11-12 14:00:00+00:00,YES,0.745,1,-0.20603063918703823,84.32046979865774,0.5,-25.82882989837978,58.49163990027796
CSCO,Other,2025-11-12 22:00:00+00:00,YES,0.895,1,0.0975093885274251,28.07960893854747,0.5,12.113673565928138,40.193282504475604
PLBY,Other,2025-11-12 22:00:00+00:00,NO,0.33,1,0.2923076993614967,-251.25,0.0,0.0,-251.25
FLUT,Other,2025-11-12 22:00:00+00:00,NO,0.465,1,-0.10962649456155492,-251.25,0.0,0.0,-251.25
RUM,Other,2025-11-12 22:00:00+00:00,YES,0.525,0,-0.042444822693887135,-251.25,0.0,0.0,-251.25
GAMB,Other,2025-11-13 14:00:00+00:00,YES,0.845,1,-0.29796513904585165,44.60798816568049,0.5,-37.32064238073146,7.287345784949032
BTM,Other,2025-11-13 14:00:00+00:00,NO,0.415,0,-0.298892953497793,176.1004273504274,0.0,0.0,176.1004273504274
DIS,Consumer,2025-11-13 14:00:00+00:00,YES,0.89,1,-0.058357027981161255,29.648876404494402,0.5,-7.369628497645157,22.279247906849246
DEFT,Other,2025-11-13 22:00:00+00:00,NO,0.34,0,-0.4034091147694215,127.53787878787884,0.0,0.0,127.53787878787884
AMAT,Other,2025-11-13 22:00:00+00:00,YES,0.89,1,-0.02709718119744252,29.648876404494402,0.5,-3.462147649680315,26.186728754814087
NMAX,Other,2025-11-13 22:00:00+00:00,NO,0.4,1,-0.15444442960951063,-251.25,0.0,0.0,-251.25
SPCE,Other,2025-11-13 22:00:00+00:00,YES,0.795,1,-0.0027855127304566327,63.21540880503143,0.5,-0.4231890913070791,62.79221971372435
QUBT,Other,2025-11-14 22:00:00+00:00,NO,0.325,1,-0.036850887424334046,-251.25,0.0,0.0,-251.25
WB,Other,2025-11-18 14:00:00+00:00,YES,0.835,0,-0.05168991248089458,-251.25,0.5,-6.536239060111822,-257.7862390601118
ACM,Other,2025-11-18 14:00:00+00:00,YES,0.895,1,-0.20506286892338887,28.07960893854747,0.5,-25.707858615423607,2.3717503231238624
HD,Other,2025-11-18 14:00:00+00:00,YES,0.64,0,-0.08273537375847533,-251.25,0.0,0.0,-251.25
AS,Other,2025-11-18 14:00:00+00:00,YES,0.835,1,0.13105029716516,48.15119760479045,0.5,16.306287145645,64.45748475043544
LZB,Other,2025-11-18 17:00:00+00:00,YES,0.535,1,0.19762844441186114,216.03971962616822,0.0,0.0,216.03971962616822
DLB,Other,2025-11-18 22:00:00+00:00,YES,0.885,1,-0.0007626349124452066,31.235875706214692,0.5,-0.17032936405565083,31.065546342159042
POWL,Other,2025-11-18 22:00:00+00:00,YES,0.86,1,-0.10636577893704798,39.44767441860467,0.5,-13.370722367130996,26.076952051473675
WSM,Other,2025-11-19 14:00:00+00:00,YES,0.825,1,-0.023650218682893725,51.78030303030304,0.5,-3.031277335361716,48.749025694941324
BLSH,Other,2025-11-19 14:00:00+00:00,NO,0.365,0,0.003118475397928544,142.45078740157476,0.0,0.0,142.45078740157476
LOW,Other,2025-11-19 14:00:00+00:00,YES,0.85,0,0.0282641658621501,-251.25,0.5,3.458020732768762,-247.79197926723123
DY,Other,2025-11-19 14:00:00+00:00,YES,0.875,1,0.12118810627746136,34.4642857142857,0.5,15.07351328468267,49.53779899896837
VIK,Other,2025-11-19 14:00:00+00:00,YES,0.785,1,0.07587253238585286,67.22133757961782,0.5,9.409066548231607,76.63040412784943
TGT,Staples,2025-11-19 14:00:00+00:00,YES,0.625,1,-0.025361478328960324,148.75000000000003,0.0,0.0,148.75000000000003
WIX,Other,2025-11-19 14:00:00+00:00,YES,0.885,1,-0.23768855105504424,31.235875706214692,0.5,-29.78606888188053,1.4498068243341606
NVDA,Semis,2025-11-19 22:00:00+00:00,YES,0.925,1,-0.059367841014469076,19.02027027027023,0.5,-7.495980126808635,11.524290143461595
PANW,Other,2025-11-19 22:00:00+00:00,YES,0.935,1,-0.10889162535208573,16.129679144384987,0.5,-13.686453169010715,2.443225975374272
BBWI,Other,2025-11-20 14:00:00+00:00,YES,0.885,0,-0.26530391146450144,-251.25,0.5,-33.23798893306268,-284.4879889330627
AVR,Other,2025-11-20 14:00:00+00:00,NO,0.02,0,0.04481795205115114,3.852040816326536,0.5,-5.6772440063938925,-1.8252031900673567
WMT,Staples,2025-11-20 14:00:00+00:00,YES,0.875,1,0.010781890180775397,34.4642857142857,0.5,1.2727362725969247,35.737021986882624
INTU,Other,2025-11-20 22:00:00+00:00,YES,0.93,1,0.011223224136046745,17.56720430107525,0.5,1.3279030170058432,18.895107318081095
GAP,Other,2025-11-20 22:00:00+00:00,YES,0.875,1,0.0412284040444416,34.4642857142857,0.5,5.078550505555199,39.5428362198409
BJ,Other,2025-11-21 14:00:00+00:00,YES,0.885,1,-0.03467569546751314,31.235875706214692,0.5,-4.409461933439142,26.82641377277555
SMTC,Other,2025-11-24 22:00:00+00:00,YES,0.88,1,0.15035236810556932,32.840909090909115,0.5,18.719046013196166,51.559955104105285
WWD,Other,2025-11-24 22:00:00+00:00,YES,0.88,1,0.13494476426015453,32.840909090909115,0.5,16.793095532519317,49.63400462342843
SNEX,Other,2025-11-24 22:00:00+00:00,YES,0.895,1,0.08696689395581482,28.07960893854747,0.5,10.795861744476854,38.875470683024325
ZM,Other,2025-11-24 22:00:00+00:00,YES,0.935,1,0.07376323609760385,16.129679144384987,0.5,9.145404512200482,25.27508365658547
ANF,Other,2025-11-25 14:00:00+00:00,YES,0.795,1,0.4007442235483488,63.21540880503143,0.5,50.0180279435436,113.23343674857503
KSS,Other,2025-11-25 14:00:00+00:00,YES,0.755,1,0.5652450694259101,79.87582781456956,0.5,70.58063367823877,150.45646149280833
SJM,Other,2025-11-25 14:00:00+00:00,YES,0.835,0,-0.012886141797500264,-251.25,0.5,-1.6857677246875329,-252.93576772468754
BBY,Other,2025-11-25 14:00:00+00:00,YES,0.845,1,0.037017593745541,44.60798816568049,0.5,4.552199218192625,49.160187383873115
DKS,Other,2025-11-25 14:00:00+00:00,YES,0.875,0,-0.00901889432464878,-251.25,0.5,-1.2023617905810975,-252.4523617905811
BURL,Other,2025-11-25 14:00:00+00:00,YES,0.84,1,-0.14933733290517545,46.36904761904761,0.5,-18.74216661314693,27.62688100590068
ADI,Other,2025-11-25 14:00:00+00:00,YES,0.925,1,0.14213142725434996,19.02027027027023,0.5,17.691428406793747,36.71169867706398
HPQ,Other,2025-11-25 22:00:00+00:00,NO,0.445,1,0.019198679883548415,-251.25,0.0,0.0,-251.25
ADSK,Other,2025-11-25 22:00:00+00:00,YES,0.92,1,0.04312245210219737,20.489130434782595,0.5,5.31530651277467,25.804436947557264
WDAY,Other,2025-11-25 22:00:00+00:00,YES,0.915,1,-0.04228481966007615,21.974043715846964,0.5,-5.360602457509518,16.613441258337446
PD,Other,2025-11-25 22:00:00+00:00,YES,0.925,1,-0.19463085186416443,19.02027027027023,0.5,-24.403856483020554,-5.383586212750323
DELL,Other,2025-11-25 22:00:00+00:00,YES,0.845,1,0.08848263100413462,44.60798816568049,0.5,10.985328875516828,55.59331704119732
URBN,Other,2025-11-25 22:00:00+00:00,YES,0.885,1,0.1553579627148601,31.235875706214692,0.5,19.344745339357512,50.5806210455722
DE,Industrials,2025-11-26 14:00:00+00:00,YES,0.83,1,-0.04669158864837477,49.95481927710846,0.5,-5.911448581046846,44.043370696061615
FRO,Other,2025-11-28 14:00:00+00:00,NO,0.0005,0,-0.04751975071347996,-1.1249374687344038,0.5,5.8649688391849955,4.740031370450591
MDB,Other,2025-12-01 22:00:00+00:00,YES,0.915,1,0.22134972592300134,21.974043715846964,0.5,27.593715740375167,49.567759456222134
UNFI,Other,2025-12-02 14:00:00+00:00,YES,0.895,1,-0.08576790793768845,28.07960893854747,0.5,-10.795988492211055,17.283620446336414
AEO,Other,2025-12-02 22:00:00+00:00,YES,0.73,1,0.1852941195938428,91.21575342465752,0.5,23.08676494923035,114.30251837388786
ASAN,Other,2025-12-02 22:00:00+00:00,YES,0.88,1,0.09937886037252977,32.840909090909115,0.5,12.347357546566222,45.18826663747534
CRWD,Other,2025-12-02 22:00:00+00:00,YES,0.945,1,0.007777499070225612,13.300264550264592,0.5,0.8971873837782015,14.197451934042792
OKTA,Other,2025-12-02 22:00:00+00:00,YES,0.93,1,0.06933897134147604,17.56720430107525,0.5,8.592371417684506,26.159575718759754
DLTR,Other,2025-12-03 14:00:00+00:00,YES,0.855,1,0.10495447287292642,41.14766081871343,0.5,13.044309109115803,54.191969927829234
M,Other,2025-12-03 14:00:00+00:00,YES,0.855,1,0.02191413560576356,41.14766081871343,0.5,2.6642669507204446,43.81192776943388
CXM,Other,2025-12-03 14:00:00+00:00,YES,0.88,1,0.07745504029076118,32.840909090909115,0.5,9.606880036345148,42.44778912725426
CRM,TechServices,2025-12-03 22:00:00+00:00,YES,0.885,1,0.13025942119226377,31.235875706214692,0.5,16.207427649032972,47.443303355247664
SNOW,Other,2025-12-03 22:00:00+00:00,YES,0.925,1,-0.08935683695342904,19.02027027027023,0.5,-11.244604619178629,7.775665651091602
FIVE,Other,2025-12-03 22:00:00+00:00,YES,0.74,1,0.050397219900259395,86.58783783783782,0.5,6.224652487532424,92.81249032537025
BBW,Other,2025-12-04 14:00:00+00:00,YES,0.805,1,-0.05592841451358054,59.3090062111801,0.5,-7.066051814197568,52.242954396982526
DG,Other,2025-12-04 14:00:00+00:00,YES,0.745,1,0.13654657211706828,84.32046979865774,0.5,16.993321514633536,101.31379131329128
KR,Other,2025-12-04 14:00:00+00:00,YES,0.865,1,-0.061732120598887615,37.76734104046245,0.5,-7.791515074860952,29.975825965601494
IOT,Other,2025-12-04 22:00:00+00:00,YES,0.915,1,0.17413463332591955,21.974043715846964,0.5,21.691829165739946,43.66587288158691
RBRK,Other,2025-12-04 22:00:00+00:00,YES,0.905,1,0.29883382588898294,24.99309392265195,0.5,37.27922823612286,62.27232215877481
HPE,Other,2025-12-04 22:00:00+00:00,YES,0.84,1,0.08751145930477944,46.36904761904761,0.5,10.86393241309743,57.23298003214504
DOCU,Other,2025-12-04 22:00:00+00:00,YES,0.94,1,-0.03351384244346064,14.707446808510634,0.5,-4.26423030543258,10.443216503078053
SWBI,Other,2025-12-04 22:00:00+00:00,NO,0.415,1,0.2396311961814893,-251.25,0.0,0.0,-251.25
VSCO,Other,2025-12-05 14:00:00+00:00,YES,0.84,1,0.2068143924878915,46.36904761904761,0.5,25.776799060986438,72.14584668003405
ORCL,TechServices,2025-12-08 22:00:00+00:00,YES,0.795,1,0.02495633891375324,63.21540880503143,0.5,3.044542364219155,66.25995116925058
KFY,Other,2025-12-09 14:00:00+00:00,YES,0.895,1,0.03980619999110966,28.07960893854747,0.5,4.900774998888707,32.98038393743617
ASO,Other,2025-12-09 14:00:00+00:00,NO,0.34,1,0.1218394660370283,-251.25,0.0,0.0,-251.25
AZO,Other,2025-12-09 14:00:00+00:00,YES,0.625,0,-0.0924905229819484,-251.25,0.0,0.0,-251.25
DBI,Other,2025-12-09 14:00:00+00:00,YES,0.78,1,0.6721309729339618,69.26282051282048,0.5,83.94137161674523,153.2041921295657
CPB,Other,2025-12-09 14:00:00+00:00,YES,0.94,1,-0.03952709175180498,14.707446808510634,0.5,-5.015886468975623,9.69156033953501
GME,Other,2025-12-09 22:00:00+00:00,YES,0.885,1,-0.049565190854280045,31.235875706214692,0.5,-6.270648856785006,24.965226849429687
CASY,Other,2025-12-09 22:00:00+00:00,YES,0.925,1,-0.04294315018787352,19.02027027027023,0.5,-5.44289377348419,13.57737649678604
CBRL,Other,2025-12-09 22:00:00+00:00,YES,0.57,0,0.014372998004206484,-251.25,0.0,0.0,-251.25
PLAY,Other,2025-12-09 22:00:00+00:00,NO,0.38,0,0.19572745088797433,151.97580645161293,0.0,0.0,151.97580645161293
CHWY,Other,2025-12-10 14:00:00+00:00,YES,0.86,1,-0.02181056216349288,39.44767441860467,0.5,-2.8013202704366105,36.64635414816806
ADBE,TechServices,2025-12-10 22:00:00+00:00,YES,0.954,1,0.029370942711634717,10.804507337526221,0.5,3.5963678389543396,14.400875176480561
MTN,Other,2025-12-10 22:00:00+00:00,YES,0.795,1,0.12053205691892659,63.21540880503143,0.5,14.991507114865824,78.20691591989726
LEN,Other,2025-12-16 22:00:00+00:00,YES,0.835,0,-0.09248554913294821,-251.25,0.5,-11.635693641618525,-262.8856936416185
GIS,Staples,2025-12-17 14:00:00+00:00,YES,0.9495,1,0.02505886467405943,12.0464718272775,0.5,3.0573580842574284,15.103829911534929
MU,Semis,2025-12-17 22:00:00+00:00,YES,0.9675,1,0.10276196782639711,7.147932816537445,0.5,12.77024597829964,19.918178794837083
ACN,TechServices,2025-12-18 14:00:00+00:00,YES,0.875,1,-0.01452695241359705,34.4642857142857,0.5,-1.8908690516996312,32.57341666258607
PAYX,Other,2025-12-18 14:00:00+00:00,YES,0.885,1,-0.004333537977452,31.235875706214692,0.5,-0.6166922471815,30.61918345903319
CTAS,Other,2025-12-18 14:00:00+00:00,YES,0.945,1,0.01878481752720482,13.300264550264592,0.5,2.273102190900602,15.573366741165193
KMX,Staples,2025-12-18 14:00:00+00:00,YES,0.62,1,-0.06769298062111329,151.97580645161293,0.0,0.0,151.97580645161293
FDS,TechServices,2025-12-18 14:00:00+00:00,YES,0.77,1,-0.0037325183290872355,73.42532467532467,0.5,-0.5415647911359044,72.88375988418878
FDX,Industrials,2025-12-18 22:00:00+00:00,YES,0.92,1,0.0410695636967641,20.489130434782595,0.5,5.058695462095512,25.54782589687811
KBH,Other,2025-12-18 22:00:00+00:00,YES,0.905,0,-0.13153846371427097,-251.25,0.5,-16.51730796428387,-267.7673079642839
NKE,Consumer,2025-12-18 22:00:00+00:00,YES,0.905,1,-0.155798193888809,24.99309392265195,0.5,-19.549774236101126,5.443319686550826
CAG,Other,2025-12-19 14:00:00+00:00,YES,0.87,1,-0.027057472977540475,36.106321839080444,0.5,-3.4571841221925594,32.649137716887886
LW,Other,2025-12-19 14:00:00+00:00,YES,0.91,1,-0.28428095431032857,23.475274725274694,0.5,-35.610119288791076,-12.134844563516381
CCL,Other,2025-12-19 14:00:00+00:00,YES,0.955,1,0.14184400199145294,10.530104712041883,0.5,17.65550024893162,28.185604960973503
JEF,Other,2026-01-07 22:00:00+00:00,YES,0.795,0,-0.0190671041157321,-251.25,0.5,-2.4583880144665127,-253.70838801446652
WDFC,Other,2026-01-08 22:00:00+00:00,YES,0.9505,0,-0.02003983431860726,-251.25,0.5,-2.579979289825908,-253.8299792898259
JPM,Banks,2026-01-13 14:00:00+00:00,YES,0.9365,0,-0.060542537603749544,-251.25,0.5,-7.642817200468693,-258.8928172004687
BK,Other,2026-01-13 14:00:00+00:00,YES,0.935,1,0.04141467255889526,16.129679144384987,0.5,5.101834069861908,21.231513214246895
DAL,Industrials,2026-01-13 14:00:00+00:00,YES,0.82,0,-0.01341443106921675,-251.25,0.5,-1.7518038836520937,-253.0018038836521
C,Banks,2026-01-14 14:00:00+00:00,NO,0.455,0,-0.027035920613386583,207.4655963302753,0.0,0.0,207.4655963302753
BAC,Banks,2026-01-14 14:00:00+00:00,YES,0.825,1,-0.05156664782994278,51.78030303030304,0.5,-6.520830978742848,45.25947205156019
WFC,Banks,2026-01-14 14:00:00+00:00,YES,0.765,0,-0.07889531236890573,-251.25,0.5,-9.936914046113216,-261.1869140461132
GS,Banks,2026-01-15 14:00:00+00:00,YES,0.915,1,-0.006508343477547683,21.974043715846964,0.5,-0.8885429346934602,21.085500781153502
MS,Banks,2026-01-15 14:00:00+00:00,YES,0.855,1,-0.02395878832435071,41.14766081871343,0.5,-3.069848540543839,38.077812278169596
TSM,Semis,2026-01-15 14:00:00+00:00,YES,0.955,1,-0.01389516656009487,10.530104712041883,0.5,-1.8118958200118587,8.718208892030024
BLK,Other,2026-01-15 14:00:00+00:00,YES,0.54,1,0.01908637511907221,211.7129629629629,0.0,0.0,211.7129629629629
PNC,Banks,2026-01-16 14:00:00+00:00,YES,0.83,1,0.04803965012161845,49.95481927710846,0.5,5.929956265202306,55.88477554231077
STT,Other,2026-01-16 14:00:00+00:00,YES,0.575,0,-0.05647163039564695,-251.25,0.0,0.0,-251.25
MTB,Other,2026-01-16 14:00:00+00:00,YES,0.835,1,0.012191659451004349,48.15119760479045,0.5,1.4489574313755436,49.600155036165994
MMM,Other,2026-01-20 14:00:00+00:00,YES,0.895,1,-0.042729431812753176,28.07960893854747,0.5,-5.416178976594147,22.663429961953323
KEY,Other,2026-01-20 14:00:00+00:00,YES,0.785,1,0.01889464777362636,67.22133757961782,0.5,2.286830971703295,69.50816855132112
MBWM,Other,2026-01-20 14:00:00+00:00,YES,0.765,1,0.06110667982740078,75.54738562091504,0.5,7.563334978425097,83.11072059934014
USB,Banks,2026-01-20 14:00:00+00:00,YES,0.835,1,0.032720554869400675,48.15119760479045,0.5,4.015069358675084,52.16626696346553
IBKR,Other,2026-01-20 22:00:00+00:00,YES,0.785,1,0.05248094116422222,67.22133757961782,0.5,6.485117645527778,73.7064552251456
UAL,Industrials,2026-01-20 22:00:00+00:00,YES,0.81,1,-0.02722703670855438,57.39197530864196,0.5,-3.478379588569298,53.913595720072664
NFLX,BigTech,2026-01-20 22:00:00+00:00,YES,0.705,1,-0.050681807778098366,103.35992907801419,0.5,-6.410225972262296,96.9497031057519
WTFC,Other,2026-01-20 22:00:00+00:00,YES,0.775,1,0.043034460788855464,71.33064516129032,0.5,5.304307598606933,76.63495275989726
BFC,Other,2026-01-20 22:00:00+00:00,YES,0.61,1,0.04807481158939998,158.5860655737705,0.0,0.0,158.5860655737705
CFG,Other,2026-01-21 14:00:00+00:00,YES,0.71,1,0.029924353679802146,100.86267605633806,0.5,3.665544209975268,104.52822026631333
JNJ,Pharma,2026-01-21 14:00:00+00:00,YES,0.725,0,0.006768472499993686,-251.25,0.5,0.7710590624992109,-250.4789409375008
HAL,Energy,2026-01-21 14:00:00+00:00,YES,0.705,1,0.04237021038109816,103.35992907801419,0.5,5.22127629763727,108.58120537565146
UNTY,Other,2026-01-21 14:00:00+00:00,YES,0.9925,1,-0.028883543259569034,0.6391687657430767,0.5,-3.6854429074461295,-3.0462741417030528
TFC,Other,2026-01-21 14:00:00+00:00,YES,0.705,1,-0.00840168374363877,103.35992907801419,0.5,-1.1252104679548462,102.23471861005935
SCHW,Other,2026-01-21 14:00:00+00:00,YES,0.865,1,-0.015796598416897012,37.76734104046245,0.5,-2.0495748021121267,35.71776623835032
ALLY,Other,2026-01-21 14:00:00+00:00,YES,0.72,1,-0.05732628365295491,95.97222222222221,0.5,-7.240785456619364,88.73143676560285
KMI,Other,2026-01-21 22:00:00+00:00,YES,0.575,1,0.057582276259147844,183.53260869565221,0.0,0.0,183.53260869565221
MKC,Other,2026-01-22 14:00:00+00:00,YES,0.68,0,-0.09054291013629588,-251.25,0.0,0.0,-251.25
PG,Staples,2026-01-22 14:00:00+00:00,YES,0.855,1,0.041661948682833544,41.14766081871343,0.5,5.132743585354193,46.280404404067625
AAL,Industrials,2026-01-22 14:00:00+00:00,YES,0.75,0,-0.052049459771727355,-251.25,0.5,-6.58118247146592,-257.8311824714659
COF,Other,2026-01-22 22:00:00+00:00,YES,0.7,0,-0.07928414727621864,-251.25,0.0,0.0,-251.25
UBSI,Other,2026-01-23 14:00:00+00:00,YES,0.715,1,0.02273853065101836,98.4003496503497,0.5,2.767316331377295,101.167665981727
UNP,Other,2026-01-27 14:00:00+00:00,YES,0.72,1,0.017113030236239404,95.97222222222221,0.5,2.0641287795299252,98.03635100175214
TXN,Semis,2026-01-27 22:00:00+00:00,YES,0.77,0,0.1327401517434591,-251.25,0.5,16.51751896793239,-234.7324810320676
SBUX,Consumer,2026-01-28 14:00:00+00:00,NO,0.46,0,-0.058082418186614894,211.7129629629629,0.0,0.0,211.7129629629629
T,Other,2026-01-28 14:00:00+00:00,YES,0.82,1,0.11106393370311453,53.628048780487795,0.5,13.807991712889317,67.4360404933771
IBM,TechServices,2026-01-28 22:00:00+00:00,YES,0.845,1,0.04876217787175699,44.60798816568049,0.5,6.0202722339696235,50.62826039965011
MSFT,BigTech,2026-01-28 22:00:00+00:00,YES,0.935,1,-0.07653182332598986,16.129679144384987,0.5,-9.641477915748732,6.488201228636255
META,BigTech,2026-01-28 22:00:00+00:00,YES,0.88,1,0.08764953206593057,32.840909090909115,0.5,10.881191508241322,43.72210059915044
TSLA,AutoEV,2026-01-28 22:00:00+00:00,NO,0.3,1,-0.041531185137573756,-251.25,0.0,0.0,-251.25
LMT,Other,2026-01-29 14:00:00+00:00,NO,0.3,0,0.09342237453422779,105.89285714285715,0.0,0.0,105.89285714285715
MA,Other,2026-01-29 14:00:00+00:00,YES,0.91,1,0.05311367775544978,23.475274725274694,0.5,6.564209719431222,30.039484444705916
V,Other,2026-01-29 22:00:00+00:00,YES,0.88,1,0.016286735316183708,32.840909090909115,0.5,1.9608419145229636,34.80175100543208
AAPL,BigTech,2026-01-29 22:00:00+00:00,YES,0.915,1,0.05716304502651525,21.974043715846964,0.5,7.070380628314406,29.04442434416137
CVX,Energy,2026-01-30 14:00:00+00:00,YES,0.575,1,0.029458782104560956,183.53260869565221,0.0,0.0,183.53260869565221
AXP,Other,2026-01-30 14:00:00+00:00,YES,0.875,0,-0.018417064697646496,-251.25,0.5,-2.377133087205812,-253.6271330872058
XOM,Energy,2026-01-30 14:00:00+00:00,YES,0.84,1,0.011474064191894041,46.36904761904761,0.5,1.3592580239867553,47.72830564303437
VZ,Other,2026-01-30 22:00:00+00:00,YES,0.79,1,0.13453710951713613,65.20569620253161,0.5,16.742138689642015,81.94783489217363
DIS,Consumer,2026-02-02 14:00:00+00:00,YES,0.795,1,-0.05097517592585203,63.21540880503143,0.5,-6.446896990731504,56.76851181429993
APTV,Other,2026-02-02 14:00:00+00:00,YES,0.73,0,0.06943897209545173,-251.25,0.5,8.604871511931467,-242.64512848806854
TSN,Other,2026-02-02 14:00:00+00:00,YES,0.83,1,-0.005051281568302434,49.95481927710846,0.5,-0.7064101960378042,49.24840908107066
NXPI,Other,2026-02-02 22:00:00+00:00,YES,0.75,1,0.0031839158903062444,82.08333333333331,0.5,0.32298948628828056,82.4063228196216
PLTR,Other,2026-02-02 22:00:00+00:00,YES,0.88,1,-0.04809334352875978,32.840909090909115,0.5,-6.086667941094973,26.754241149814142
MRK,Pharma,2026-02-03 14:00:00+00:00,YES,0.755,1,0.08597081043314567,79.87582781456956,0.5,10.67135130414321,90.54717911871278
PEP,Staples,2026-02-03 14:00:00+00:00,YES,0.83,1,0.09047712623761905,49.95481927710846,0.5,11.234640779702383,61.189460056810844
PYPL,Other,2026-02-03 14:00:00+00:00,YES,0.8,0,-0.2427405514065615,-251.25,0.5,-30.417568925820188,-281.6675689258202
FOXA,Other,2026-02-03 14:00:00+00:00,YES,0.865,1,-0.09425669034833992,37.76734104046245,0.5,-11.857086293542489,25.91025474691996
MPC,Other,2026-02-03 14:00:00+00:00,YES,0.51,1,0.11147050145310251,238.94607843137254,0.0,0.0,238.94607843137254
PFE,Pharma,2026-02-03 14:00:00+00:00,YES,0.845,1,0.0018910452364077066,44.60798816568049,0.5,0.16138065455096334,44.76936882023145
AMD,Semis,2026-02-03 22:00:00+00:00,YES,0.855,1,-0.186837310547012,41.14766081871343,0.5,-23.4296638183765,17.717997000336933
CMG,Consumer,2026-02-03 22:00:00+00:00,YES,0.695,1,-0.010805201453216177,108.46223021582738,0.0,0.0,108.46223021582738
UBER,Other,2026-02-04 14:00:00+00:00,YES,0.665,0,-0.06595885330919375,-251.25,0.0,0.0,-251.25
LLY,Pharma,2026-02-04 14:00:00+00:00,YES,0.725,1,0.020276754455460486,93.57758620689657,0.5,2.4595943069325608,96.03718051382913
YUM,Other,2026-02-04 14:00:00+00:00,YES,0.69,0,0.047781295423593724,-251.25,0.0,0.0,-251.25
CME,Other,2026-02-04 14:00:00+00:00,YES,0.895,1,0.04569986653004382,28.07960893854747,0.5,5.637483316255477,33.71709225480295
EFX,Other,2026-02-04 14:00:00+00:00,YES,0.855,1,-0.028699150811196922,41.14766081871343,0.5,-3.6623938513996155,37.48526696731382
NYT,Other,2026-02-04 14:00:00+00:00,YES,0.93,1,-0.07093164586710368,17.56720430107525,0.5,-8.94145573338796,8.62574856768729
MET,Other,2026-02-04 22:00:00+00:00,YES,0.515,1,-0.024754719642573943,234.1868932038835,0.0,0.0,234.1868932038835
ALL,Other,2026-02-04 22:00:00+00:00,YES,0.855,1,0.04301724638880773,41.14766081871343,0.5,5.302155798600967,46.4498166173144
ARM,Semis,2026-02-04 22:00:00+00:00,YES,0.87,1,0.17406981996627613,36.106321839080444,0.5,21.683727495784517,57.79004933486496
ORLY,Other,2026-02-04 22:00:00+00:00,YES,0.635,0,-0.04257699710887745,-251.25,0.0,0.0,-251.25
AFL,Other,2026-02-04 22:00:00+00:00,YES,0.625,0,0.05588106001411212,-251.25,0.0,0.0,-251.25
QCOM,Semis,2026-02-04 22:00:00+00:00,YES,0.865,1,-0.09400353998653055,37.76734104046245,0.5,-11.825442498316319,25.941898542146127
GOOGL,BigTech,2026-02-04 22:00:00+00:00,YES,0.972,1,-0.04479294110397619,5.951646090534974,0.5,-5.674117637997024,0.27752845253795044
ICE,Other,2026-02-05 14:00:00+00:00,YES,0.86,1,-0.021365019891314205,39.44767441860467,0.5,-2.745627486414276,36.70204693219039
RL,Other,2026-02-05 14:00:00+00:00,YES,0.89,1,-0.023531790730720415,29.648876404494402,0.5,-3.0164738413400523,26.63240256315435
COP,Energy,2026-02-05 14:00:00+00:00,YES,0.8,0,0.06788481397057874,-251.25,0.5,8.410601746322344,-242.83939825367764
CI,Other,2026-02-05 14:00:00+00:00,YES,0.82,1,0.08418642626489209,53.628048780487795,0.5,10.448303283111512,64.0763520635993
TW,Other,2026-02-05 14:00:00+00:00,YES,0.71,1,0.12476906776765412,100.86267605633806,0.5,15.521133470956766,116.38380952729483
ARES,Other,2026-02-05 14:00:00+00:00,YES,0.755,0,-0.06294804040663442,-251.25,0.5,-7.943505050829303,-259.1935050508293
AMZN,BigTech,2026-02-05 22:00:00+00:00,YES,0.946,0,-0.14092856662408784,-251.25,0.5,-17.69107082801098,-268.941070828011
MCHP,Other,2026-02-05 22:00:00+00:00,YES,0.835,1,-0.04700302608677875,48.15119760479045,0.5,-5.9503782608473434,42.2008193439431
RBLX,Other,2026-02-05 22:00:00+00:00,YES,0.655,1,0.08847055859986372,130.42938931297707,0.0,0.0,130.42938931297707
RDDT,Other,2026-02-05 22:00:00+00:00,YES,0.84,1,-0.1998870427509681,46.36904761904761,0.5,-25.060880343871013,21.3081672751766
UAA,Other,2026-02-06 14:00:00+00:00,YES,0.665,1,0.2596154522143432,124.68984962406013,0.0,0.0,124.68984962406013
CBOE,Other,2026-02-06 14:00:00+00:00,YES,0.83,1,0.04540718845147465,49.95481927710846,0.5,5.600898556434331,55.55571783354279
TPG,Other,2026-02-09 14:00:00+00:00,NO,0.15,0,-0.09723736676189614,42.867647058823536,0.5,12.079670845237018,54.947317904060554
APO,Other,2026-02-09 14:00:00+00:00,YES,0.665,1,-0.0457039940866905,124.68984962406013,0.0,0.0,124.68984962406013
CHGG,Other,2026-02-09 22:00:00+00:00,YES,0.655,1,-0.24050631956342844,130.42938931297707,0.0,0.0,130.42938931297707
ON,Other,2026-02-09 22:00:00+00:00,YES,0.805,1,0.09171784719070936,59.3090062111801,0.5,11.38973089883867,70.69873711001877
GTM,Other,2026-02-09 22:00:00+00:00,YES,0.82,1,-0.10259918000968156,53.628048780487795,0.5,-12.899897501210194,40.7281512792776
ACM,Other,2026-02-09 22:00:00+00:00,YES,0.77,1,-0.0015836975635613087,73.42532467532467,0.5,-0.2729621954451636,73.15236247987951
DD,Other,2026-02-10 14:00:00+00:00,YES,0.83,1,0.05777873798830722,49.95481927710846,0.5,7.147342248538402,57.10216152564686
CVS,Other,2026-02-10 14:00:00+00:00,YES,0.795,1,-0.0053605363699391895,63.21540880503143,0.5,-0.7450670462423986,62.47034175878903
WMB,Other,2026-02-10 14:00:00+00:00,YES,0.705,0,0.06291098260108108,-251.25,0.5,7.788872825135135,-243.46112717486486
HOG,Other,2026-02-10 14:00:00+00:00,YES,0.605,0,-0.038555340032322215,-251.25,0.0,0.0,-251.25
BP,Other,2026-02-10 14:00:00+00:00,YES,0.55,0,-0.046654688305903254,-251.25,0.0,0.0,-251.25
DDOG,Other,2026-02-10 14:00:00+00:00,YES,0.855,1,0.12928636848752056,41.14766081871343,0.5,16.085796060940073,57.2334568796535
MAR,Other,2026-02-10 14:00:00+00:00,YES,0.755,0,0.06553834541857904,-251.25,0.5,8.11729317732238,-243.13270682267762
KO,Staples,2026-02-10 14:00:00+00:00,YES,0.895,1,-0.0003795728197089371,28.07960893854747,0.5,-0.12244660246361713,27.95716233608385
SPGI,Other,2026-02-10 14:00:00+00:00,YES,0.89,0,-0.09579306932795857,-251.25,0.5,-12.049133665994821,-263.2991336659948
FIS,Other,2026-02-10 14:00:00+00:00,YES,0.755,0,-0.09589828986992911,-251.25,0.5,-12.062286233741139,-263.31228623374113
NET,Other,2026-02-10 22:00:00+00:00,YES,0.8,1,0.06904907910335303,61.25,0.5,8.55613488791913,69.80613488791913
F,AutoEV,2026-02-10 22:00:00+00:00,YES,0.775,0,0.014492806267751668,-251.25,0.5,1.7366007834689585,-249.51339921653104
CRSP,Other,2026-02-10 22:00:00+00:00,YES,0.6,0,0.0038982072253995275,-251.25,0.0,0.0,-251.25
HOOD,Other,2026-02-10 22:00:00+00:00,YES,0.86,1,-0.14127018825590953,39.44767441860467,0.5,-17.733773531988692,21.713900886615978
LYFT,Other,2026-02-10 22:00:00+00:00,YES,0.705,1,-0.20716883860306984,103.35992907801419,0.5,-25.97110482538373,77.38882425263046
HUM,Other,2026-02-11 14:00:00+00:00,YES,0.755,1,-0.050737369726788134,79.87582781456956,0.5,-6.417171215848517,73.45865659872105
HLT,Other,2026-02-11 14:00:00+00:00,YES,0.835,1,0.0007633482513206604,48.15119760479045,0.5,0.020418531415082555,48.17161613620553
TMUS,Other,2026-02-11 14:00:00+00:00,YES,0.795,0,0.11201175493991984,-251.25,0.5,13.92646936748998,-237.32353063251003
KHC,Other,2026-02-11 14:00:00+00:00,YES,0.83,1,0.0064934870720568414,49.95481927710846,0.5,0.7366858840071052,50.691505161115565
PAG,Other,2026-02-11 14:00:00+00:00,YES,0.71,0,0.028017842413926717,-251.25,0.5,3.4272303017408396,-247.82276969825915
TSEM,Other,2026-02-11 14:00:00+00:00,YES,0.845,1,-0.07407931739303401,44.60798816568049,0.5,-9.334914674129251,35.27307349155124
APP,Other,2026-02-11 22:00:00+00:00,YES,0.88,1,-0.03975711393391719,32.840909090909115,0.5,-5.044639241739649,27.796269849169466
MCD,Consumer,2026-02-11 22:00:00+00:00,YES,0.73,1,0.001283765562233692,91.21575342465752,0.5,0.08547069527921149,91.30122411993673
HUBS,Other,2026-02-11 22:00:00+00:00,YES,0.845,1,0.04845646308252848,44.60798816568049,0.5,5.98205788531606,50.59004605099655
MGM,Other,2026-02-11 22:00:00+00:00,YES,0.975,1,-0.08935721896066243,5.1602564102564425,0.5,-11.244652370082802,-6.0843959598263595
CSCO,Other,2026-02-11 22:00:00+00:00,YES,0.915,1,-0.09396370463418406,21.974043715846964,0.5,-11.820463079273006,10.153580636573958
GRAB,Other,2026-02-11 22:00:00+00:00,NO,0.42,0,-0.03278685412434551,179.78448275862067,0.0,0.0,179.78448275862067
BUD,Other,2026-02-12 14:00:00+00:00,YES,0.825,1,0.04274066229444707,51.78030303030304,0.5,5.2675827868058835,57.04788581710892
TRIP,Other,2026-02-12 14:00:00+00:00,YES,0.835,0,-0.17720533828300958,-251.25,0.5,-22.225667285376197,-273.4756672853762
H,Other,2026-02-12 14:00:00+00:00,NO,0.49,1,0.062394258593858755,-251.25,0.0,0.0,-251.25
BGC,Other,2026-02-12 14:00:00+00:00,YES,0.7,1,0.013800417628199496,105.89285714285715,0.0,0.0,105.89285714285715
USFD,Other,2026-02-12 14:00:00+00:00,YES,0.765,1,0.07756322293315315,75.54738562091504,0.5,9.620402866644145,85.16778848755918
ABNB,Consumer,2026-02-12 22:00:00+00:00,YES,0.64,0,0.024070611302497488,-251.25,0.0,0.0,-251.25
YELP,Other,2026-02-12 22:00:00+00:00,YES,0.745,1,-0.14190871461245091,84.32046979865774,0.5,-17.813589326556365,66.50688047210137
GT,Other,2026-02-12 22:00:00+00:00,YES,0.695,0,-0.157794746088757,-251.25,0.0,0.0,-251.25
ROKU,Other,2026-02-12 22:00:00+00:00,YES,0.815,1,0.0006778715574316657,55.49846625766872,0.5,0.009733944678958217,55.50820020234767
DKNG,Other,2026-02-12 22:00:00+00:00,NO,0.47,0,-0.17009549146076072,220.44811320754712,0.0,0.0,220.44811320754712
PINS,Other,2026-02-12 22:00:00+00:00,NO,0.395,0,-0.22989072994442752,161.97314049586777,0.0,0.0,161.97314049586777
TOST,Other,2026-02-12 22:00:00+00:00,YES,0.705,1,-0.03455496629318805,103.35992907801419,0.5,-4.394370786648507,98.96555829136568
WYNN,Other,2026-02-12 22:00:00+00:00,YES,0.565,0,-0.02172051866452386,-251.25,0.0,0.0,-251.25
AMAT,Other,2026-02-12 22:00:00+00:00,YES,0.875,1,0.08639628418583692,34.4642857142857,0.5,10.724535523229616,45.18882123751531
EXPE,Other,2026-02-12 22:00:00+00:00,YES,0.84,1,-0.1523789709283955,46.36904761904761,0.5,-19.122371366049435,27.246676252998178
COIN,Other,2026-02-12 22:00:00+00:00,NO,0.345,0,-0.007354234544329223,130.42938931297707,0.0,0.0,130.42938931297707
RIVN,AutoEV,2026-02-12 22:00:00+00:00,YES,0.6,1,0.12117084981732494,165.41666666666669,0.0,0.0,165.41666666666669
WEN,Other,2026-02-13 14:00:00+00:00,YES,0.69,1,-0.10485934933520166,111.0688405797102,0.0,0.0,111.0688405797102
MRNA,Other,2026-02-13 14:00:00+00:00,YES,0.775,1,0.04607694779155865,71.33064516129032,0.5,5.684618473944831,77.01526363523516
LH,Other,2026-02-17 14:00:00+00:00,YES,0.79,1,-0.0005307404592555757,65.20569620253161,0.5,-0.14134255740694696,65.06435364512467
WAY,Other,2026-02-17 14:00:00+00:00,NO,0.465,0,0.15082557300889737,216.03971962616828,0.0,0.0,216.03971962616828
SUN,Other,2026-02-17 14:00:00+00:00,NO,0.15,0,0.042849993676358666,42.867647058823536,0.5,-5.431249209544833,37.436397849278706
PANW,Other,2026-02-17 22:00:00+00:00,YES,0.89,1,-0.09559743484167921,29.648876404494402,0.5,-12.0246793552099,17.624197049284504
LZB,Other,2026-02-17 22:00:00+00:00,YES,0.71,1,-0.050078358098312466,100.86267605633806,0.5,-6.334794762289058,94.527881294049
CZR,Other,2026-02-17 22:00:00+00:00,NO,0.265,0,0.20672547553336362,88.88605442176869,0.5,-25.915684441670454,62.97036998009824
GRMN,Other,2026-02-18 14:00:00+00:00,YES,0.755,1,0.15907597369401472,79.87582781456956,0.5,19.80949671175184,99.68532452632141
ADI,Other,2026-02-18 14:00:00+00:00,YES,0.89,1,0.0531889330664878,29.648876404494402,0.5,6.573616633310975,36.22249303780538
MCO,Other,2026-02-18 14:00:00+00:00,YES,0.795,1,0.050136013683844245,63.21540880503143,0.5,6.192001710480531,69.40741051551196
CRL,Other,2026-02-18 14:00:00+00:00,YES,0.865,1,0.04691658989199596,37.76734104046245,0.5,5.789573736499494,43.55691477696194
WING,Other,2026-02-18 14:00:00+00:00,YES,0.69,1,0.17703606002778527,111.0688405797102,0.0,0.0,111.0688405797102
EBAY,Other,2026-02-18 22:00:00+00:00,YES,0.825,1,0.06907018887476683,51.78030303030304,0.5,8.558773609345854,60.339076639648894
BKNG,Consumer,2026-02-18 22:00:00+00:00,YES,0.835,1,-0.01541077722976475,48.15119760479045,0.5,-2.0013471537205936,46.14985045106985
CVNA,Other,2026-02-18 22:00:00+00:00,YES,0.555,1,-0.018228483358142346,199.2004504504504,0.0,0.0,199.2004504504504
DASH,Other,2026-02-18 22:00:00+00:00,NO,0.175,0,0.09947609649828199,51.78030303030304,0.5,-12.509512062285248,39.27079096801779
AMPL,Other,2026-02-18 22:00:00+00:00,YES,0.685,0,0.1167192039918339,-251.25,0.0,0.0,-251.25
OXY,Energy,2026-02-18 22:00:00+00:00,YES,0.645,1,0.12524427193796822,136.34689922480618,0.0,0.0,136.34689922480618
WMT,Staples,2026-02-19 14:00:00+00:00,YES,0.89,1,-0.06034806256826245,29.648876404494402,0.5,-7.618507821032806,22.030368583461595
ETSY,Other,2026-02-19 14:00:00+00:00,YES,0.615,1,0.14520007557655276,155.2540650406504,0.0,0.0,155.2540650406504
DE,Industrials,2026-02-19 14:00:00+00:00,YES,0.635,1,0.0728456145648181,142.45078740157476,0.0,0.0,142.45078740157476
DBX,Other,2026-02-19 22:00:00+00:00,YES,0.88,1,-0.001223020212218772,32.840909090909115,0.5,-0.2278775265273465,32.61303156438177
FNF,Other,2026-02-19 22:00:00+00:00,YES,0.64,0,-0.1006345265214142,-251.25,0.0,0.0,-251.25
AKAM,Other,2026-02-19 22:00:00+00:00,YES,0.835,1,-0.11632068496342347,48.15119760479045,0.5,-14.615085620427934,33.53611198436251
ED,Other,2026-02-19 22:00:00+00:00,YES,0.775,1,-0.006146800113406153,71.33064516129032,0.5,-0.8433500141757692,70.48729514711455
HHH,Other,2026-02-19 22:00:00+00:00,YES,0.525,0,-0.11600728669852468,-251.25,0.0,0.0,-251.25
TXRH,Other,2026-02-19 22:00:00+00:00,YES,0.5,0,-0.01641796292381901,-251.25,0.0,0.0,-251.25
ICUI,Other,2026-02-19 22:00:00+00:00,YES,0.865,1,0.04603184063968553,37.76734104046245,0.5,5.6789800799606915,43.446321120423136
OPEN,Other,2026-02-19 22:00:00+00:00,NO,0.35,0,0.07536558497404107,133.36538461538458,0.0,0.0,133.36538461538458
DPZ,Consumer,2026-02-23 14:00:00+00:00,NO,0.425,0,0.05025876497779349,183.53260869565221,0.0,0.0,183.53260869565221
HIMS,Other,2026-02-23 22:00:00+00:00,NO,0.14,1,0.012156083108902703,-251.25,0.5,-1.5945103886128378,-252.84451038861283
BBBY,Other,2026-02-23 22:00:00+00:00,YES,0.855,1,0.09369020446102586,41.14766081871343,0.5,11.636275557628233,52.783936376341664
AS,Other,2026-02-24 14:00:00+00:00,YES,0.815,1,-0.0779313758129642,55.49846625766872,0.5,-9.816421976620523,45.68204428104819
HD,Other,2026-02-24 14:00:00+00:00,YES,0.66,1,-0.018731218931292995,127.53787878787878,0.0,0.0,127.53787878787878
WDAY,Other,2026-02-24 22:00:00+00:00,YES,0.89,1,0.00943330001297678,29.648876404494402,0.5,1.1041625016220975,30.7530389061165
HPQ,Other,2026-02-24 22:00:00+00:00,NO,0.43,1,0.011834236237634375,-251.25,0.0,0.0,-251.25
AMC,Other,2026-02-24 22:00:00+00:00,YES,0.735,1,-0.05000004967053534,88.88605442176869,0.5,-6.325006208816918,82.56104821295177
CSGP,Other,2026-02-24 22:00:00+00:00,NO,0.445,1,-0.09765388081392347,-251.25,0.0,0.0,-251.25
NVTS,Other,2026-02-24 22:00:00+00:00,NO,0.435,0,0.20685280339701692,191.2278761061947,0.0,0.0,191.2278761061947
LOW,Other,2026-02-25 14:00:00+00:00,YES,0.645,0,-0.056320346566556,-251.25,0.0,0.0,-251.25
IEP,Other,2026-02-25 14:00:00+00:00,NO,0.34,0,0.03069054539424126,127.53787878787884,0.0,0.0,127.53787878787884
IMAX,Other,2026-02-25 22:00:00+00:00,YES,0.705,1,0.1327691159860629,103.35992907801419,0.5,16.521139498257863,119.88106857627206
TBPH,Other,2026-02-25 22:00:00+00:00,YES,0.78,1,-0.07171921965186133,69.26282051282048,0.5,-9.039902456482665,60.22291805633782
URBN,Other,2026-02-25 22:00:00+00:00,YES,0.735,0,-0.03145576552855297,-251.25,0.5,-4.006970691069121,-255.2569706910691
IONQ,Other,2026-02-25 22:00:00+00:00,YES,0.765,1,0.20282129751488015,75.54738562091504,0.5,25.27766218936002,100.82504781027505
SPCE,Other,2026-02-25 22:00:00+00:00,YES,0.785,1,0.036585330395809725,67.22133757961782,0.5,4.498166299476216,71.71950387909403
BYND,Other,2026-02-25 22:00:00+00:00,YES,0.61,0,0.30482751567355465,-251.25,0.0,0.0,-251.25
NVDA,Semis,2026-02-25 22:00:00+00:00,YES,0.895,1,-0.06653672440511663,28.07960893854747,0.5,-8.392090550639578,19.687518387907893
TKO,Other,2026-02-25 22:00:00+00:00,NO,0.245,0,0.06039217462015513,79.87582781456956,0.5,-7.624021827519392,72.25180598705018
TTD,Other,2026-02-25 22:00:00+00:00,YES,0.68,1,-0.05099604251761201,116.39705882352938,0.0,0.0,116.39705882352938
CRM,TechServices,2026-02-25 22:00:00+00:00,YES,0.875,1,0.052009054909328896,34.4642857142857,0.5,6.426131863666112,40.890417577951816
PSKY,Other,2026-02-25 22:00:00+00:00,NO,0.285,0,0.261437926046858,98.40034965034964,0.5,-32.754740755857256,65.64560889449238
SNOW,Other,2026-02-25 22:00:00+00:00,YES,0.865,1,-0.023710123697916665,37.76734104046245,0.5,-3.038765462239583,34.728575578222866
ZM,Other,2026-02-25 22:00:00+00:00,YES,0.835,0,-0.18108315769558658,-251.25,0.5,-22.71039471194832,-273.9603947119483
FTDR,Other,2026-02-26 14:00:00+00:00,YES,0.84,1,0.2267684492704591,46.36904761904761,0.5,28.27105615880739,74.640103777855
TFX,Other,2026-02-26 14:00:00+00:00,YES,0.77,0,0.08749112940629228,-251.25,0.5,10.861391175786535,-240.38860882421346
DNUT,Other,2026-02-26 14:00:00+00:00,NO,0.345,1,0.17845116709907127,-251.25,0.0,0.0,-251.25
SHAK,Other,2026-02-26 14:00:00+00:00,YES,0.71,1,0.05448866699242361,100.86267605633806,0.5,6.73608337405295,107.59875943039101
WRBY,Other,2026-02-26 14:00:00+00:00,NO,0.345,0,0.18423423477605064,130.42938931297707,0.0,0.0,130.42938931297707
HGV,Other,2026-02-26 14:00:00+00:00,NO,0.395,0,-0.0866525442050264,161.97314049586777,0.0,0.0,161.97314049586777
IART,Other,2026-02-26 14:00:00+00:00,YES,0.765,1,-0.11309522940651469,75.54738562091504,0.5,-14.211903675814336,61.3354819451007
TDAY,Other,2026-02-26 14:00:00+00:00,NO,0.38,0,-0.008347197964645588,151.97580645161293,0.0,0.0,151.97580645161293
PZZA,Other,2026-02-26 14:00:00+00:00,YES,0.685,1,-0.025030458775591572,113.71350364963503,0.0,0.0,113.71350364963503
MNST,Other,2026-02-26 22:00:00+00:00,YES,0.68,0,-0.042862259749301114,-251.25,0.0,0.0,-251.25
RKLB,Other,2026-02-26 22:00:00+00:00,YES,0.73,1,0.010824699418042687,91.21575342465752,0.5,1.278087427255336,92.49384085191285
DELL,Other,2026-02-26 22:00:00+00:00,YES,0.74,1,0.2888199829018312,86.58783783783782,0.5,36.02749786272889,122.61533570056672
SG,Other,2026-02-26 22:00:00+00:00,NO,0.485,0,-0.003696854249650437,234.1868932038835,0.0,0.0,234.1868932038835
INTU,Other,2026-02-26 22:00:00+00:00,YES,0.91,1,0.16551244538623808,23.475274725274694,0.5,20.61405567327976,44.08933039855445
SOUN,Other,2026-02-26 22:00:00+00:00,YES,0.665,0,0.10089399355691292,-251.25,0.0,0.0,-251.25
EB,Other,2026-02-26 22:00:00+00:00,NO,0.3,0,0.002262387301373593,105.89285714285715,0.0,0.0,105.89285714285715
ADSK,Other,2026-02-26 22:00:00+00:00,YES,0.895,1,0.12943653096761618,28.07960893854747,0.5,16.10456637095202,44.184175309499494
FLUT,Other,2026-02-26 22:00:00+00:00,YES,0.655,1,-0.08092182018768784,130.42938931297707,0.0,0.0,130.42938931297707
REAL,Other,2026-02-26 22:00:00+00:00,YES,0.795,1,0.08204189577235403,63.21540880503143,0.5,10.180236971544254,73.39564577657569
ASAN,Other,2026-03-02 22:00:00+00:00,YES,0.855,1,0.09154931043637383,41.14766081871343,0.5,11.36866380454673,52.51632462326016
MDB,Other,2026-03-02 22:00:00+00:00,YES,0.89,1,-0.24495389659588768,29.648876404494402,0.5,-30.694237074485958,-1.045360669991556
BBY,Other,2026-03-03 14:00:00+00:00,YES,0.74,1,0.05857665435568055,86.58783783783782,0.5,7.247081794460069,93.8349196322979
TGT,Staples,2026-03-03 14:00:00+00:00,YES,0.87,1,0.057737935160941736,36.106321839080444,0.5,7.142241895117717,43.24856373419816
AZO,Other,2026-03-03 14:00:00+00:00,NO,0.455,1,-0.003610642913123545,-251.25,0.0,0.0,-251.25
MRX,Other,2026-03-03 14:00:00+00:00,YES,0.855,1,-0.113667705928234,41.14766081871343,0.5,-14.28346324102925,26.864197577684184
GTLB,Other,2026-03-03 22:00:00+00:00,YES,0.725,1,-0.03536115683671369,93.57758620689657,0.5,-4.495144604589211,89.08244160230736
BOX,Other,2026-03-03 22:00:00+00:00,YES,0.75,1,0.10828030687985128,82.08333333333331,0.5,13.46003835998141,95.54337169331473
CRWD,Other,2026-03-03 22:00:00+00:00,YES,0.89,1,0.1456529681047098,29.648876404494402,0.5,18.131621013088726,47.78049741758313
CPB,Other,2026-03-04 14:00:00+00:00,YES,0.81,0,-0.042671657397641505,-251.25,0.5,-5.408957174705188,-256.65895717470517
WIX,Other,2026-03-04 14:00:00+00:00,YES,0.645,1,0.3325291031736484,136.34689922480618,0.0,0.0,136.34689922480618
BBWI,Other,2026-03-04 14:00:00+00:00,YES,0.6,1,-0.08611603568149792,165.41666666666669,0.0,0.0,165.41666666666669
ANF,Other,2026-03-04 14:00:00+00:00,YES,0.72,1,-0.13087937272337066,95.97222222222221,0.5,-16.434921590421332,79.53730063180089
STUB,Other,2026-03-04 22:00:00+00:00,NO,0.315,0,-0.12748164600405482,113.71350364963503,0.0,0.0,113.71350364963503
AEO,Other,2026-03-04 22:00:00+00:00,YES,0.605,0,-0.2486772664587973,-251.25,0.0,0.0,-251.25
CBRL,Other,2026-03-04 22:00:00+00:00,YES,0.695,1,-0.10024444904552471,108.46223021582738,0.0,0.0,108.46223021582738
AVGO,Semis,2026-03-04 22:00:00+00:00,YES,0.935,1,0.03420439760572566,16.129679144384987,0.5,4.200549700715707,20.330228845100695
OKTA,Other,2026-03-04 22:00:00+00:00,YES,0.865,1,0.11337932718211206,37.76734104046245,0.5,14.097415897764009,51.864756938226456
BURL,Other,2026-03-05 14:00:00+00:00,YES,0.81,1,-0.0086470653808647,57.39197530864196,0.5,-1.1558831726080874,56.236092136033875
KR,Other,2026-03-05 14:00:00+00:00,YES,0.84,1,0.06256335269943546,46.36904761904761,0.5,7.745419087429432,54.114466706477046
VSCO,Other,2026-03-05 14:00:00+00:00,YES,0.84,1,-0.21346847512496905,46.36904761904761,0.5,-26.75855939062113,19.610488228426483
SWBI,Other,2026-03-05 22:00:00+00:00,YES,0.685,1,0.18272426444485806,113.71350364963503,0.0,0.0,113.71350364963503
GAP,Other,2026-03-05 22:00:00+00:00,YES,0.775,0,-0.18827709442737078,-251.25,0.5,-23.609636803421346,-274.8596368034213
COST,Staples,2026-03-05 22:00:00+00:00,YES,0.865,1,0.0025229831876094184,37.76734104046245,0.5,0.24037289845117726,38.007713938913625
MRVL,Other,2026-03-05 22:00:00+00:00,YES,0.845,1,0.14580759939957608,44.60798816568049,0.5,18.15094992494701,62.758938090627495
IOT,Other,2026-03-05 22:00:00+00:00,YES,0.89,1,0.17347987396691306,29.648876404494402,0.5,21.609984245864133,51.258860650358535
GPRO,Other,2026-03-05 22:00:00+00:00,NO,0.275,0,-0.10078391120469864,93.57758620689657,0.5,12.52298890058733,106.1005751074839
CASY,Other,2026-03-09 21:00:00+00:00,YES,0.915,1,0.030695166927865045,21.974043715846964,0.5,3.7618958659831305,25.735939581830095
HPE,Other,2026-03-09 21:00:00+00:00,YES,0.865,1,0.014197942097870408,37.76734104046245,0.5,1.699742762233801,39.46708380269625
MTN,Other,2026-03-09 22:00:00+00:00,NO,0.375,0,-0.0016575505116708557,148.75000000000003,0.0,0.0,148.75000000000003
KFY,Other,2026-03-10 13:00:00+00:00,YES,0.82,1,-0.03270433790741653,53.628048780487795,0.5,-4.163042238427066,49.46500654206073
KSS,Other,2026-03-10 13:00:00+00:00,YES,0.58,1,-0.12235447435129591,179.78448275862073,0.0,0.0,179.78448275862073
UNFI,Other,2026-03-10 13:00:00+00:00,YES,0.875,1,0.10611458191254082,34.4642857142857,0.5,13.189322739067602,47.6536084533533
ORCL,TechServices,2026-03-10 21:00:00+00:00,YES,0.775,1,0.04053346824835442,71.33064516129032,0.5,4.991683531044303,76.32232869233462
GRPN,Other,2026-03-10 21:00:00+00:00,YES,0.53,1,-0.208196721439623,220.44811320754712,0.0,0.0,220.44811320754712
BIRD,Other,2026-03-10 22:00:00+00:00,YES,0.66,0,0.23387093517956475,-251.25,0.0,0.0,-251.25
CXM,Other,2026-03-11 13:00:00+00:00,YES,0.875,1,-0.018487337849315284,34.4642857142857,0.5,-2.385917231164411,32.07836848312129
BBW,Other,2026-03-12 13:00:00+00:00,YES,0.725,0,-0.12579470555251007,-251.25,0.5,-15.799338194063758,-267.04933819406375
DG,Other,2026-03-12 13:00:00+00:00,YES,0.88,1,-0.07332326919614417,32.840909090909115,0.5,-9.24040864951802,23.600500441391095
DKS,Other,2026-03-12 13:00:00+00:00,YES,0.765,1,-0.04144965156978816,75.54738562091504,0.5,-5.25620644622352,70.29117917469152
GAMB,Other,2026-03-12 13:00:00+00:00,YES,0.695,1,-0.0683961648795019,108.46223021582738,0.0,0.0,108.46223021582738
RBRK,Other,2026-03-12 21:00:00+00:00,YES,0.895,1,-0.0962043060373508,28.07960893854747,0.5,-12.10053825466885,15.97907068387862
BZFD,Other,2026-03-12 21:00:00+00:00,NO,0.165,0,-0.12204233280859471,48.15119760479045,0.5,15.18029160107434,63.331489205864784
PD,Other,2026-03-12 21:00:00+00:00,YES,0.885,1,-0.11928934563056812,31.235875706214692,0.5,-14.986168203821014,16.249707502393676
PXLW,Other,2026-03-12 21:00:00+00:00,YES,0.87,0,0.016722392025687968,-251.25,0.5,2.0152990032109956,-249.234700996789
ADBE,TechServices,2026-03-12 21:00:00+00:00,YES,0.805,1,-0.10827078872228334,59.3090062111801,0.5,-13.608848590285417,45.70015762089468
DLTR,Other,2026-03-16 13:00:00+00:00,YES,0.94,1,0.0002791622887813279,14.707446808510634,0.5,-0.040104713902334006,14.6673420946083
GETY,Other,2026-03-16 21:00:00+00:00,NO,0.47,0,0.12379638790932486,220.44811320754712,0.0,0.0,220.44811320754712
PLBY,Other,2026-03-16 21:00:00+00:00,YES,0.9625,1,0.0,8.490259740259717,0.5,-0.075,8.415259740259717
ASO,Other,2026-03-17 13:00:00+00:00,YES,0.755,0,-0.05804053370003182,-251.25,0.5,-7.330066712503978,-258.580066712504
DOCU,Other,2026-03-17 21:00:00+00:00,YES,0.91,1,0.014877806042302197,23.475274725274694,0.5,1.7847257552877747,25.260000480562468
LULU,Other,2026-03-17 21:00:00+00:00,YES,0.91,1,0.04937259858785119,23.475274725274694,0.5,6.096574823481398,29.57184954875609
WSM,Other,2026-03-18 13:00:00+00:00,YES,0.835,1,-0.008722691637619542,48.15119760479045,0.5,-1.1653364547024427,46.985861150088006
WB,Other,2026-03-18 13:00:00+00:00,YES,0.795,0,-0.11179490025249039,-251.25,0.5,-14.049362531561298,-265.2993625315613
GIS,Staples,2026-03-18 13:00:00+00:00,YES,0.585,0,-0.060182848909054176,-251.25,0.0,0.0,-251.25
M,Other,2026-03-18 14:00:00+00:00,YES,0.885,1,0.04809393776337913,31.235875706214692,0.5,5.93674222042239,37.17261792663708
MU,Semis,2026-03-18 21:00:00+00:00,YES,0.9695,1,-0.007579903801271927,6.614878803506947,0.5,-1.0224879751589908,5.592390828347956
FIVE,Other,2026-03-18 21:00:00+00:00,YES,0.855,1,0.08109905642277436,41.14766081871343,0.5,10.062382052846795,51.210042871560226
BABA,Other,2026-03-19 13:00:00+00:00,YES,0.837,0,-0.07790219173614553,-251.25,0.5,-9.81277396701819,-261.0627739670182
ACN,TechServices,2026-03-19 13:00:00+00:00,YES,0.9095,1,0.0035622679244869306,23.626305662451912,0.5,0.3702834905608663,23.996589153012778
FDX,Industrials,2026-03-19 21:00:00+00:00,YES,0.92,1,0.009734617898015772,20.489130434782595,0.5,1.1418272372519715,21.630957672034565
GME,Other,2026-03-24 21:00:00+00:00,YES,0.91,1,-0.0004430761638038127,23.475274725274694,0.5,-0.13038452047547658,23.344890204799217
CTAS,Other,2026-03-25 13:00:00+00:00,YES,0.895,1,-0.07600083585561955,28.07960893854747,0.5,-9.575104481952444,18.504504456595026
PAYX,Other,2026-03-25 13:00:00+00:00,YES,0.795,1,-0.009400353515876984,63.21540880503143,0.5,-1.2500441894846228,61.965364615546804
PDD,Other,2026-03-25 13:00:00+00:00,YES,0.73,0,0.037633797955173506,-251.25,0.5,4.629224744396688,-246.62077525560332
CHWY,Other,2026-03-25 13:00:00+00:00,YES,0.835,0,0.1176722251281788,-251.25,0.5,14.634028141022352,-236.61597185897764
DBI,Other,2026-03-26 13:00:00+00:00,YES,0.64,1,-0.030714396152139535,139.375,0.0,0.0,139.375
NMAX,Other,2026-03-26 21:00:00+00:00,YES,0.63,1,-0.24229076493853458,145.5753968253968,0.0,0.0,145.5753968253968
MKC,Other,2026-03-31 13:00:00+00:00,YES,0.67,1,-0.07951761217271272,121.88432835820892,0.0,0.0,121.88432835820892
FDS,TechServices,2026-03-31 13:00:00+00:00,YES,0.745,1,0.14798563290352834,84.32046979865774,0.5,18.423204112941043,102.74367391159879
NKE,Consumer,2026-03-31 21:00:00+00:00,YES,0.745,1,-0.13977030279280847,84.32046979865774,0.5,-17.54628784910106,66.77418194955668
PLAY,Other,2026-03-31 21:00:00+00:00,NO,0.215,0,0.2589194549649441,67.22133757961782,0.5,-32.43993187061802,34.781405708999806
LW,Other,2026-04-01 13:00:00+00:00,YES,0.94,1,-0.03437500859682408,14.707446808510634,0.5,-4.37187607460301,10.335570733907623
MSM,Other,2026-04-01 13:00:00+00:00,YES,0.6455,0,0.00431895317337874,-251.25,0.0,0.0,-251.25
CAG,Other,2026-04-01 13:00:00+00:00,YES,0.63,0,0.010243300129582519,-251.25,0.0,0.0,-251.25
RH,Other,2026-04-01 21:00:00+00:00,NO,0.315,0,-0.09323656101311358,113.71350364963503,0.0,0.0,113.71350364963503
DAL,Industrials,2026-04-08 13:00:00+00:00,YES,0.815,1,0.015877734042469303,55.49846625766872,0.5,1.909716755308663,57.40818301297738
WDFC,Other,2026-04-09 21:00:00+00:00,YES,0.65,1,-0.01662391238064007,133.36538461538458,0.0,0.0,133.36538461538458
UNTY,Other,2026-04-10 13:00:00+00:00,YES,0.755,1,0.047885291544663165,79.87582781456956,0.5,5.910661443082896,85.78648925765246
GS,Banks,2026-04-13 13:00:00+00:00,YES,0.915,1,-0.00915399611184938,21.974043715846964,0.5,-1.2192495139811723,20.754794201865792
C,Banks,2026-04-14 13:00:00+00:00,YES,0.845,1,0.03979414917529334,44.60798816568049,0.5,4.8992686469116675,49.50725681259215
JNJ,Pharma,2026-04-14 13:00:00+00:00,YES,0.89,1,-0.016438871581673967,29.648876404494402,0.5,-2.129858947709246,27.519017456785157
JPM,Banks,2026-04-14 13:00:00+00:00,YES,0.91,1,0.00025822793785983995,23.475274725274694,0.5,-0.042721507767520005,23.432553217507174
KMX,Staples,2026-04-14 13:00:00+00:00,YES,0.54,0,-0.13334758945758796,-251.25,0.0,0.0,-251.25
BLK,Other,2026-04-14 13:00:00+00:00,YES,0.87,1,0.02565765745956912,36.106321839080444,0.5,3.1322071824461397,39.23852902152658
WFC,Banks,2026-04-14 13:00:00+00:00,YES,0.7,1,-0.04859486477434458,105.89285714285715,0.0,0.0,105.89285714285715
MTB,Other,2026-04-15 13:00:00+00:00,YES,0.705,1,-0.0051382543298514214,103.35992907801419,0.5,-0.7172817912314277,102.64264728678276
PNC,Banks,2026-04-15 13:00:00+00:00,YES,0.74,1,0.024451484507977923,86.58783783783782,0.5,2.9814355634972403,89.56927340133507
BAC,Banks,2026-04-15 13:00:00+00:00,YES,0.825,1,0.026075350361858953,51.78030303030304,0.5,3.184418795232369,54.964721825535406
MS,Banks,2026-04-15 13:00:00+00:00,YES,0.91,1,0.06293636059182081,23.475274725274694,0.5,7.792045073977601,31.267319799252295
USB,Banks,2026-04-16 13:00:00+00:00,YES,0.79,1,0.008671061635478428,65.20569620253161,0.5,1.0088827044348034,66.21457890696641
SCHW,Other,2026-04-16 13:00:00+00:00,YES,0.875,1,-0.03760718416383957,34.4642857142857,0.5,-4.775898020479946,29.688387693805755
PEP,Staples,2026-04-16 13:00:00+00:00,YES,0.845,1,0.007120865894160312,44.60798816568049,0.5,0.8151082367700391,45.423096402450525
TSM,Semis,2026-04-16 13:00:00+00:00,YES,0.905,1,-0.009010517693126312,24.99309392265195,0.5,-1.201314711640789,23.79177921101116
CFG,Other,2026-04-16 13:00:00+00:00,YES,0.755,1,0.015441656947600578,79.87582781456956,0.5,1.8552071184500722,81.73103493301963
BK,Other,2026-04-16 13:00:00+00:00,YES,0.815,1,0.04816102465924363,55.49846625766872,0.5,5.9451280824054535,61.44359434007417
NFLX,BigTech,2026-04-16 21:00:00+00:00,YES,0.905,1,-0.08074836695759355,24.99309392265195,0.5,-10.168545869699193,14.824548052952759
STT,Other,2026-04-17 13:00:00+00:00,YES,0.815,0,0.059246677731746224,-251.25,0.5,7.330834716468278,-243.91916528353173
ALLY,Other,2026-04-17 13:00:00+00:00,YES,0.76,1,0.08762040160226618,77.69736842105266,0.5,10.877550200283274,88.57491862133594
TFC,Other,2026-04-17 13:00:00+00:00,YES,0.61,1,0.026448645378093272,158.5860655737705,0.0,0.0,158.5860655737705
UNH,Other,2026-04-21 13:00:00+00:00,YES,0.6,1,0.09219724679049805,165.41666666666669,0.0,0.0,165.41666666666669
MBWM,Other,2026-04-21 13:00:00+00:00,YES,0.855,1,-0.05588673589688379,41.14766081871343,0.5,-7.060841987110474,34.08681883160296
TSCO,Other,2026-04-21 13:00:00+00:00,NO,0.335,0,-0.15196623878378532,124.68984962406013,0.0,0.0,124.68984962406013
HAL,Energy,2026-04-21 13:00:00+00:00,YES,0.665,1,0.06729474824539336,124.68984962406013,0.0,0.0,124.68984962406013
COF,Other,2026-04-21 21:00:00+00:00,YES,0.71,0,-0.047658237418094954,-251.25,0.5,-6.03227967726187,-257.2822796772619
IBKR,Other,2026-04-21 21:00:00+00:00,YES,0.845,0,-0.07110509880911042,-251.25,0.5,-8.963137351138801,-260.2131373511388
BFC,Other,2026-04-21 21:00:00+00:00,NO,0.475,0,0.00681484167773679,224.94047619047618,0.0,0.0,224.94047619047618
BA,Industrials,2026-04-22 13:00:00+00:00,NO,0.345,1,0.0405586774131674,-251.25,0.0,0.0,-251.25
T,Other,2026-04-22 13:00:00+00:00,YES,0.82,1,-0.011693680243904632,53.628048780487795,0.5,-1.536710030488079,52.091338749999714
CME,Other,2026-04-22 13:00:00+00:00,YES,0.885,1,-0.009003985374053851,31.235875706214692,0.5,-1.2004981717567313,30.03537753445796
MCO,Other,2026-04-22 13:00:00+00:00,YES,0.835,1,0.0015372387835083062,48.15119760479045,0.5,0.11715484793853827,48.26835245272898
IBM,TechServices,2026-04-22 21:00:00+00:00,YES,0.905,1,-0.08478323032180904,24.99309392265195,0.5,-10.67290379022613,14.320190132425822
TSLA,AutoEV,2026-04-22 21:00:00+00:00,NO,0.34,1,-0.060705924868040675,-251.25,0.0,0.0,-251.25
TXN,Semis,2026-04-22 21:00:00+00:00,YES,0.715,1,0.20590032540463024,98.4003496503497,0.5,25.662540675578782,124.06289032592848
DOW,Other,2026-04-23 13:00:00+00:00,NO,0.495,1,0.036170737008424596,-251.25,0.0,0.0,-251.25
BX,Other,2026-04-23 13:00:00+00:00,NO,0.285,0,-0.06682689661586563,98.40034965034964,0.5,8.278362076983205,106.67871172733284
CBRE,Other,2026-04-23 13:00:00+00:00,YES,0.885,1,-0.041808680390776974,31.235875706214692,0.5,-5.3010850488471215,25.93479065736757
INFY,Other,2026-04-23 13:00:00+00:00,YES,0.5,1,-0.13581986629096865,248.75,0.0,0.0,248.75
AXP,Other,2026-04-23 13:00:00+00:00,YES,0.8,1,-0.03343741153352983,61.25,0.5,-4.254676441691229,56.99532355830877
AAL,Industrials,2026-04-23 13:00:00+00:00,YES,0.66,1,-0.0457515912103017,127.53787878787878,0.0,0.0,127.53787878787878
STBA,Other,2026-04-23 13:00:00+00:00,YES,0.5,1,-0.006537441648719703,248.75,0.0,0.0,248.75
UNP,Other,2026-04-23 13:00:00+00:00,YES,0.745,1,0.06634154759389377,84.32046979865774,0.5,8.217693449236721,92.53816324789446
HON,Other,2026-04-23 13:00:00+00:00,YES,0.9,1,-0.07700009584065516,26.52777777777779,0.5,-9.700011980081895,16.827765797695896
UBSI,Other,2026-04-23 13:00:00+00:00,YES,0.755,1,-0.011910084928019662,79.87582781456956,0.5,-1.5637606160024577,78.3120671985671
INTC,Semis,2026-04-23 21:00:00+00:00,YES,0.81,1,0.29360733350906876,57.39197530864196,0.5,36.625916688633595,94.01789199727556
SSNC,Other,2026-04-23 21:00:00+00:00,NO,0.495,1,-0.037447485049918496,-251.25,0.0,0.0,-251.25
COUR,Other,2026-04-23 21:00:00+00:00,YES,0.66,0,-0.11297713380254108,-251.25,0.0,0.0,-251.25
PG,Staples,2026-04-24 13:00:00+00:00,YES,0.88,1,0.05057221398374658,32.840909090909115,0.5,6.246526747968322,39.08743583887744
DPZ,Consumer,2026-04-27 13:00:00+00:00,YES,0.555,0,-0.09656632224217383,-251.25,0.0,0.0,-251.25
VZ,Other,2026-04-27 13:00:00+00:00,YES,0.815,1,0.004959024082352716,55.49846625766872,0.5,0.5448780102940896,56.04334426796281
BBBY,Other,2026-04-27 21:00:00+00:00,YES,0.725,0,-0.1408199541981346,-251.25,0.5,-17.677494274766822,-268.92749427476684
KO,Staples,2026-04-28 13:00:00+00:00,YES,0.93,1,0.02779596710369834,17.56720430107525,0.5,3.399495887962292,20.966700189037542
BP,Other,2026-04-28 13:00:00+00:00,YES,0.91,1,0.024432455526815878,23.475274725274694,0.5,2.9790569408519847,26.454331666126677
HLT,Other,2026-04-28 13:00:00+00:00,YES,0.865,1,-0.03444268209163839,37.76734104046245,0.5,-4.380335261454799,33.38700577900765
ARCC,Other,2026-04-28 13:00:00+00:00,NO,0.335,0,0.026245300970316365,124.68984962406013,0.0,0.0,124.68984962406013
IVZ,Other,2026-04-28 13:00:00+00:00,YES,0.835,0,0.02744017441435762,-251.25,0.5,3.355021801794702,-247.8949781982053
SYY,Other,2026-04-28 13:00:00+00:00,YES,0.905,0,-0.024164035176532397,-251.25,0.5,-3.09550439706655,-254.34550439706655
PJT,Other,2026-04-28 13:00:00+00:00,YES,0.795,1,0.00026200750308748164,63.21540880503143,0.5,-0.04224906211406479,63.17315974291736
SPGI,Other,2026-04-28 13:00:00+00:00,YES,0.9045,1,-0.012729223310569224,25.145798783858503,0.5,-1.666152913821153,23.47964587003735
BEN,Other,2026-04-28 13:00:00+00:00,YES,0.58,1,0.10508843605926875,179.78448275862073,0.0,0.0,179.78448275862073
JBLU,Other,2026-04-28 13:00:00+00:00,YES,0.625,0,-0.11574955137042728,-251.25,0.0,0.0,-251.25
SBUX,Consumer,2026-04-28 21:00:00+00:00,NO,0.425,1,0.06749775803893211,-251.25,0.0,0.0,-251.25
CZR,Other,2026-04-28 21:00:00+00:00,NO,0.235,0,-0.011379857490131404,75.54738562091504,0.5,1.3474821862664257,76.89486780718147
CSGP,Other,2026-04-28 21:00:00+00:00,YES,0.565,1,-0.05021948642490097,191.2278761061947,0.0,0.0,191.2278761061947
BKNG,Consumer,2026-04-28 21:00:00+00:00,YES,0.91,1,-0.06596393558750867,23.475274725274694,0.5,-8.320491948438583,15.154782776836111
NXPI,Other,2026-04-28 21:00:00+00:00,YES,0.87,1,0.20304050325743642,36.106321839080444,0.5,25.305062907179554,61.41138474626
WING,Other,2026-04-29 13:00:00+00:00,YES,0.85,1,-0.15123831719975067,42.867647058823536,0.5,-18.979789649968833,23.887857408854703
SOFI,Other,2026-04-29 13:00:00+00:00,YES,0.93,0,-0.10900217845273277,-251.25,0.5,-13.700272306591597,-264.9502723065916
HUM,Other,2026-04-29 13:00:00+00:00,YES,0.72,1,0.08548998522755234,95.97222222222221,0.5,10.611248153444043,106.58347037566625
YUM,Other,2026-04-29 13:00:00+00:00,YES,0.555,1,-0.01197902535293328,199.2004504504504,0.0,0.0,199.2004504504504
PAG,Other,2026-04-29 13:00:00+00:00,NO,0.455,1,0.05872084700452808,-251.25,0.0,0.0,-251.25
VIRT,Other,2026-04-29 13:00:00+00:00,YES,0.945,1,-0.008448379512158925,13.300264550264592,0.5,-1.1310474390198657,12.169217111244725
GRMN,Other,2026-04-29 13:00:00+00:00,YES,0.755,1,-0.06542278237846737,79.87582781456956,0.5,-8.25284779730842,71.62298001726114
GD,Other,2026-04-29 13:00:00+00:00,YES,0.9045,1,0.10417932305167994,25.145798783858503,0.5,12.947415381459994,38.0932141653185
TW,Other,2026-04-29 13:00:00+00:00,YES,0.72,1,-0.014211321364116066,95.97222222222221,0.5,-1.8514151705145083,94.1208070517077
CAT,Industrials,2026-04-29 13:00:00+00:00,YES,0.77,1,0.0708723100182542,73.42532467532467,0.5,8.784038752281775,82.20936342760645
GOOGL,BigTech,2026-04-29 21:00:00+00:00,YES,0.951,1,0.1198896901180908,11.631177707676162,0.5,14.91121126476135,26.542388972437514
WAY,Other,2026-04-29 21:00:00+00:00,YES,0.575,1,-0.17584576317618117,183.53260869565221,0.0,0.0,183.53260869565221
TDOC,Other,2026-04-29 21:00:00+00:00,NO,0.42,0,0.12347826750382133,179.78448275862067,0.0,0.0,179.78448275862067
QCOM,Semis,2026-04-29 21:00:00+00:00,YES,0.92,1,0.1891836563562977,20.489130434782595,0.5,23.572957044537212,44.06208747931981
ALL,Other,2026-04-29 21:00:00+00:00,YES,0.84,1,0.017427618235542848,46.36904761904761,0.5,2.103452279442856,48.47249989849047
AMZN,BigTech,2026-04-29 21:00:00+00:00,YES,0.9605,1,0.016174929691307616,9.031103591879226,0.5,1.9468662114134523,10.977969803292678
F,AutoEV,2026-04-29 21:00:00+00:00,YES,0.66,1,-0.040387721759126985,127.53787878787878,0.0,0.0,127.53787878787878
AFL,Other,2026-04-29 21:00:00+00:00,NO,0.45,0,-0.015180644315732034,203.29545454545453,0.0,0.0,203.29545454545453
CMG,Consumer,2026-04-29 21:00:00+00:00,YES,0.68,0,-0.03595438687967122,-251.25,0.0,0.0,-251.25
ORLY,Other,2026-04-29 21:00:00+00:00,NO,0.285,1,0.0380113928908921,-251.25,0.5,-4.826424111361513,-256.0764241113615
MSFT,BigTech,2026-04-29 21:00:00+00:00,YES,0.935,1,-0.0239743601169129,16.129679144384987,0.5,-3.0717950146141124,13.057884129770875
EBAY,Other,2026-04-29 21:00:00+00:00,YES,0.9075,1,0.06258931080878138,24.232093663911854,0.5,7.748663851097673,31.98075751500953
META,BigTech,2026-04-29 21:00:00+00:00,YES,0.925,1,-0.09818826781071299,19.02027027027023,0.5,-12.348533476339123,6.6717367939311085
CI,Other,2026-04-30 13:00:00+00:00,YES,0.88,1,-0.01143032281914268,32.840909090909115,0.5,-1.503790352392835,31.33711873851628
HGV,Other,2026-04-30 13:00:00+00:00,NO,0.3,1,-0.02283993485835193,-251.25,0.0,0.0,-251.25
H,Other,2026-04-30 13:00:00+00:00,YES,0.675,1,-0.029519464494327418,119.12037037037035,0.0,0.0,119.12037037037035
LH,Other,2026-04-30 13:00:00+00:00,YES,0.88,1,-0.03955509417551343,32.840909090909115,0.5,-5.019386771939179,27.821522318969937
RCL,Other,2026-04-30 13:00:00+00:00,YES,0.875,1,0.002356456447818442,34.4642857142857,0.5,0.21955705597730524,34.683842770263006
LLY,Pharma,2026-04-30 13:00:00+00:00,YES,0.895,1,0.1147799312457366,28.07960893854747,0.5,14.272491405717076,42.35210034426454
MRK,Pharma,2026-04-30 13:00:00+00:00,YES,0.815,1,0.02612716289313996,55.49846625766872,0.5,3.190895361642495,58.689361619311214
ICE,Other,2026-04-30 13:00:00+00:00,YES,0.9415,1,-0.0032494075613401876,14.283722782793413,0.5,-0.4811759451675235,13.80254683762589
DLB,Other,2026-04-30 21:00:00+00:00,YES,0.915,1,-0.08218101182268443,21.974043715846964,0.5,-10.347626477835554,11.62641723801141
IMAX,Other,2026-04-30 21:00:00+00:00,YES,0.885,0,-0.050646479189500125,-251.25,0.5,-6.405809898687516,-257.6558098986875
AAPL,BigTech,2026-04-30 21:00:00+00:00,YES,0.93,1,0.03445312852803567,17.56720430107525,0.5,4.2316410660044586,21.798845367079707
CLX,Other,2026-04-30 21:00:00+00:00,YES,0.715,1,-0.10531760727799694,98.4003496503497,0.5,-13.239700909749617,85.16064874060008
RBLX,Other,2026-04-30 21:00:00+00:00,YES,0.84,1,-0.172983322040229,46.36904761904761,0.5,-21.697915255028626,24.671132364018987
ROKU,Other,2026-04-30 21:00:00+00:00,YES,0.81,1,0.1017660401220251,57.39197530864196,0.5,12.645755015253139,70.0377303238951
RDDT,Other,2026-04-30 21:00:00+00:00,YES,0.92,1,0.055302417071708874,20.489130434782595,0.5,6.837802133963609,27.326932568746205
SNDK,Other,2026-04-30 21:00:00+00:00,YES,0.94,1,0.17348163207855571,14.707446808510634,0.5,21.610204009819466,36.3176508183301
ARES,Other,2026-05-01 13:00:00+00:00,YES,0.52,0,0.06167596751569798,-251.25,0.0,0.0,-251.25
CL,Staples,2026-05-01 13:00:00+00:00,YES,0.865,1,-0.00350175590959715,37.76734104046245,0.5,-0.5127194886996437,37.2546215517628
EL,Other,2026-05-01 13:00:00+00:00,YES,0.89,1,0.054863857855372206,29.648876404494402,0.5,6.782982231921525,36.431858636415924
PIPR,Other,2026-05-01 13:00:00+00:00,YES,0.906,1,-0.11638228872978743,24.68818984547458,0.5,-14.622786091223427,10.065403754251152
CBOE,Other,2026-05-01 13:00:00+00:00,YES,0.94,1,0.11615724974360975,14.707446808510634,0.5,14.44465621795122,29.15210302646185
CVX,Energy,2026-05-01 13:00:00+00:00,YES,0.855,1,0.02081120278319793,41.14766081871343,0.5,2.526400347899741,43.67406116661317
MRNA,Other,2026-05-01 13:00:00+00:00,NO,0.295,0,0.0033941419067401186,103.35992907801415,0.5,-0.4992677383425148,102.86066133967164
XOM,Energy,2026-05-01 13:00:00+00:00,YES,0.835,1,0.020789086965775153,48.15119760479045,0.5,2.5236358707218938,50.674833475512344
HESM,Other,2026-05-04 13:00:00+00:00,YES,0.885,1,0.002623354974302329,31.235875706214692,0.5,0.2529193717877911,31.488795078002482
WMB,Other,2026-05-04 21:00:00+00:00,YES,0.58,1,-0.023563658428960833,179.78448275862073,0.0,0.0,179.78448275862073
PLTR,Other,2026-05-04 21:00:00+00:00,YES,0.935,1,-0.07135429662991227,16.129679144384987,0.5,-8.994287078739033,7.135392065645954
PSKY,Other,2026-05-04 21:00:00+00:00,NO,0.255,1,-0.0162308658881107,-251.25,0.5,1.9538582360138375,-249.29614176398616
SONO,Other,2026-05-04 21:00:00+00:00,YES,0.515,0,-0.005390830382983777,-251.25,0.0,0.0,-251.25
POWL,Other,2026-05-04 21:00:00+00:00,YES,0.93,0,0.16333128759623822,-251.25,0.5,20.341410949529777,-230.90858905047023
ON,Other,2026-05-04 21:00:00+00:00,YES,0.905,1,0.026594175446308106,24.99309392265195,0.5,3.249271930788513,28.242365853440464
GRAB,Other,2026-05-04 21:00:00+00:00,YES,0.575,0,0.02724792985114873,-251.25,0.0,0.0,-251.25
PINS,Other,2026-05-04 21:00:00+00:00,NO,0.49,1,0.04648865311468062,-251.25,0.0,0.0,-251.25
